2025-07-02 09:51:27,844 [INFO] Encontradas 144 imagens para processar em: C:\Users\327887\Documents\0000_RELATORIOS\0000_GERAL\250630
2025-07-02 09:51:27,865 [INFO] Processando imagem: 001 - ADUNICAMP.jpg...
2025-07-02 09:51:28,033 [INFO]  -> Processed 001 - ADUNICAMP.jpg
2025-07-02 09:51:28,033 [INFO] Processando imagem: 002 - ADUNICAMP.jpg...
2025-07-02 09:51:28,340 [INFO]  -> Processed 002 - ADUNICAMP.jpg
2025-07-02 09:51:28,341 [INFO] Processando imagem: 004 - Av.  André Tosello.jpg...
2025-07-02 09:51:28,624 [INFO]  -> Processed 004 - Av.  André Tosello.jpg
2025-07-02 09:51:28,625 [INFO] Processando imagem: 005 - Av.  André Tosello.jpg...
2025-07-02 09:51:28,916 [INFO]  -> Processed 005 - Av.  André Tosello.jpg
2025-07-02 09:51:28,916 [INFO] Processando imagem: 006 - Av. Adolfo Lutz.jpg...
2025-07-02 09:51:29,193 [INFO]  -> Processed 006 - Av. Adolfo Lutz.jpg
2025-07-02 09:51:29,194 [INFO] Processando imagem: 007 - Av. Adolfo Lutz.jpg...
2025-07-02 09:51:29,461 [INFO]  -> Processed 007 - Av. Adolfo Lutz.jpg
2025-07-02 09:51:29,461 [INFO] Processando imagem: 009 - Av. Alan Turing.jpg...
2025-07-02 09:51:29,740 [INFO]  -> Processed 009 - Av. Alan Turing.jpg
2025-07-02 09:51:29,740 [INFO] Processando imagem: 010 - Av. Alan Turing.jpg...
2025-07-02 09:51:30,035 [INFO]  -> Processed 010 - Av. Alan Turing.jpg
2025-07-02 09:51:30,036 [INFO] Processando imagem: 011 - Av. Albert Einstein.jpg...
2025-07-02 09:51:30,332 [INFO]  -> Processed 011 - Av. Albert Einstein.jpg
2025-07-02 09:51:30,332 [INFO] Processando imagem: 012 - Av. Albert Einstein.jpg...
2025-07-02 09:51:30,618 [INFO]  -> Processed 012 - Av. Albert Einstein.jpg
2025-07-02 09:51:30,618 [INFO] Processando imagem: 014 - Av. Antônio da Costa Santos.jpg...
2025-07-02 09:51:30,899 [INFO]  -> Processed 014 - Av. Antônio da Costa Santos.jpg
2025-07-02 09:51:30,900 [INFO] Processando imagem: 017 - Av. Antônio da Costa Santos.jpg...
2025-07-02 09:51:31,197 [INFO]  -> Processed 017 - Av. Antônio da Costa Santos.jpg
2025-07-02 09:51:31,197 [INFO] Processando imagem: 018 - Av. Antônio da Costa Santos.jpg...
2025-07-02 09:51:31,491 [INFO]  -> Processed 018 - Av. Antônio da Costa Santos.jpg
2025-07-02 09:51:31,491 [INFO] Processando imagem: 019 - Av. Cândido Rondon.jpg...
2025-07-02 09:51:31,769 [INFO]  -> Processed 019 - Av. Cândido Rondon.jpg
2025-07-02 09:51:31,769 [INFO] Processando imagem: 021 - Av. Oswaldo Cruz.jpg...
2025-07-02 09:51:31,943 [INFO]  -> Processed 021 - Av. Oswaldo Cruz.jpg
2025-07-02 09:51:31,943 [INFO] Processando imagem: 022 - Av. Oswaldo Cruz.jpg...
2025-07-02 09:51:32,122 [INFO]  -> Processed 022 - Av. Oswaldo Cruz.jpg
2025-07-02 09:51:32,122 [INFO] Processando imagem: 023 - Av. Oswaldo Cruz.jpg...
2025-07-02 09:51:32,296 [INFO]  -> Processed 023 - Av. Oswaldo Cruz.jpg
2025-07-02 09:51:32,296 [INFO] Processando imagem: 024 - Av. Oswaldo Cruz.jpg...
2025-07-02 09:51:32,452 [INFO]  -> Processed 024 - Av. Oswaldo Cruz.jpg
2025-07-02 09:51:32,452 [INFO] Processando imagem: 025 - Balão do HC.jpg...
2025-07-02 09:51:32,753 [INFO]  -> Processed 025 - Balão do HC.jpg
2025-07-02 09:51:32,753 [INFO] Processando imagem: 026 - Balão do HC.jpg...
2025-07-02 09:51:33,035 [INFO]  -> Processed 026 - Balão do HC.jpg
2025-07-02 09:51:33,035 [INFO] Processando imagem: 027 - Balão FCM.jpg...
2025-07-02 09:51:33,306 [INFO]  -> Processed 027 - Balão FCM.jpg
2025-07-02 09:51:33,306 [INFO] Processando imagem: 028 - CANT. DM (41).jpg...
2025-07-02 09:51:33,583 [INFO]  -> Processed 028 - CANT. DM (41).jpg
2025-07-02 09:51:33,584 [INFO] Processando imagem: 029 - CANT. DM (41).jpg...
2025-07-02 09:51:33,871 [INFO]  -> Processed 029 - CANT. DM (41).jpg
2025-07-02 09:51:33,873 [INFO] Processando imagem: 030 - CANT. DM (41).jpg...
2025-07-02 09:51:34,160 [INFO]  -> Processed 030 - CANT. DM (41).jpg
2025-07-02 09:51:34,160 [INFO] Processando imagem: 031 - CANT. DM (41).jpg...
2025-07-02 09:51:34,432 [INFO]  -> Processed 031 - CANT. DM (41).jpg
2025-07-02 09:51:34,432 [INFO] Processando imagem: 032 - CANT. DM (41).jpg...
2025-07-02 09:51:34,716 [INFO]  -> Processed 032 - CANT. DM (41).jpg
2025-07-02 09:51:34,716 [INFO] Processando imagem: 033 - CANT. DM (41).jpg...
2025-07-02 09:51:34,977 [INFO]  -> Processed 033 - CANT. DM (41).jpg
2025-07-02 09:51:34,977 [INFO] Processando imagem: 034 - CANT. DM (41).jpg...
2025-07-02 09:51:35,252 [INFO]  -> Processed 034 - CANT. DM (41).jpg
2025-07-02 09:51:35,252 [INFO] Processando imagem: 035 - CANT. DM (41).jpg...
2025-07-02 09:51:35,535 [INFO]  -> Processed 035 - CANT. DM (41).jpg
2025-07-02 09:51:35,535 [INFO] Processando imagem: 037 - CASA DO LAGO (35).jpg...
2025-07-02 09:51:35,827 [INFO]  -> Processed 037 - CASA DO LAGO (35).jpg
2025-07-02 09:51:35,827 [INFO] Processando imagem: 038 - CASA DO LAGO (35).jpg...
2025-07-02 09:51:36,113 [INFO]  -> Processed 038 - CASA DO LAGO (35).jpg
2025-07-02 09:51:36,113 [INFO] Processando imagem: 039 - CASA DO LAGO (35).jpg...
2025-07-02 09:51:36,418 [INFO]  -> Processed 039 - CASA DO LAGO (35).jpg
2025-07-02 09:51:36,419 [INFO] Processando imagem: 040 - CB I e II (21).jpg...
2025-07-02 09:51:36,725 [INFO]  -> Processed 040 - CB I e II (21).jpg
2025-07-02 09:51:36,726 [INFO] Processando imagem: 041 - CB I e II (21).jpg...
2025-07-02 09:51:37,011 [INFO]  -> Processed 041 - CB I e II (21).jpg
2025-07-02 09:51:37,012 [INFO] Processando imagem: 042 - CB I e II (21).jpg...
2025-07-02 09:51:37,306 [INFO]  -> Processed 042 - CB I e II (21).jpg
2025-07-02 09:51:37,306 [INFO] Processando imagem: 047 - CECOM - GASTROCENTRO (31).jpg...
2025-07-02 09:51:37,481 [INFO]  -> Processed 047 - CECOM - GASTROCENTRO (31).jpg
2025-07-02 09:51:37,482 [INFO] Processando imagem: 050 - CECOM - HEMOCENTRO (31).jpg...
2025-07-02 09:51:37,643 [INFO]  -> Processed 050 - CECOM - HEMOCENTRO (31).jpg
2025-07-02 09:51:37,643 [INFO] Processando imagem: 058 - CEMIB-DMA (07).jpg...
2025-07-02 09:51:37,797 [INFO]  -> Processed 058 - CEMIB-DMA (07).jpg
2025-07-02 09:51:37,797 [INFO] Processando imagem: 060 - CORREIOS (34).jpg...
2025-07-02 09:51:38,087 [INFO]  -> Processed 060 - CORREIOS (34).jpg
2025-07-02 09:51:38,087 [INFO] Processando imagem: 061 - CORREIOS (34).jpg...
2025-07-02 09:51:38,389 [INFO]  -> Processed 061 - CORREIOS (34).jpg
2025-07-02 09:51:38,389 [INFO] Processando imagem: 062 - CT-RA (06).jpg...
2025-07-02 09:51:38,582 [INFO]  -> Processed 062 - CT-RA (06).jpg
2025-07-02 09:51:38,587 [INFO] Processando imagem: 063 - CT-RA (06).jpg...
2025-07-02 09:51:38,775 [INFO]  -> Processed 063 - CT-RA (06).jpg
2025-07-02 09:51:38,776 [INFO] Processando imagem: 064 - CT-RA (06).jpg...
2025-07-02 09:51:38,962 [INFO]  -> Processed 064 - CT-RA (06).jpg
2025-07-02 09:51:38,962 [INFO] Processando imagem: 065 - Cx. D'ÁGUA (42).jpg...
2025-07-02 09:51:39,256 [INFO]  -> Processed 065 - Cx. D'ÁGUA (42).jpg
2025-07-02 09:51:39,256 [INFO] Processando imagem: 067 - Cx. D'ÁGUA (42).jpg...
2025-07-02 09:51:39,546 [INFO]  -> Processed 067 - Cx. D'ÁGUA (42).jpg
2025-07-02 09:51:39,546 [INFO] Processando imagem: 068 - Cx. D'ÁGUA (42).jpg...
2025-07-02 09:51:39,812 [INFO]  -> Processed 068 - Cx. D'ÁGUA (42).jpg
2025-07-02 09:51:39,812 [INFO] Processando imagem: 069 - Cx. D'ÁGUA (42).jpg...
2025-07-02 09:51:40,066 [INFO]  -> Processed 069 - Cx. D'ÁGUA (42).jpg
2025-07-02 09:51:40,066 [INFO] Processando imagem: 071 - DEDIC (39).jpg...
2025-07-02 09:51:40,253 [INFO]  -> Processed 071 - DEDIC (39).jpg
2025-07-02 09:51:40,253 [INFO] Processando imagem: 072 - DEDIC (39).jpg...
2025-07-02 09:51:40,447 [INFO]  -> Processed 072 - DEDIC (39).jpg
2025-07-02 09:51:40,447 [INFO] Processando imagem: 073 - DEDIC (39).jpg...
2025-07-02 09:51:40,626 [INFO]  -> Processed 073 - DEDIC (39).jpg
2025-07-02 09:51:40,626 [INFO] Processando imagem: 074 - DEDIC (39).jpg...
2025-07-02 09:51:40,812 [INFO]  -> Processed 074 - DEDIC (39).jpg
2025-07-02 09:51:40,813 [INFO] Processando imagem: 083 - DETIC-IC (27).jpg...
2025-07-02 09:51:40,988 [INFO]  -> Processed 083 - DETIC-IC (27).jpg
2025-07-02 09:51:40,988 [INFO] Processando imagem: 085 - DETIC-IC (27).jpg...
2025-07-02 09:51:41,289 [INFO]  -> Processed 085 - DETIC-IC (27).jpg
2025-07-02 09:51:41,289 [INFO] Processando imagem: 086 - DETIC-IC (27).jpg...
2025-07-02 09:51:41,558 [INFO]  -> Processed 086 - DETIC-IC (27).jpg
2025-07-02 09:51:41,559 [INFO] Processando imagem: 087 - DETIC-IC (27).jpg...
2025-07-02 09:51:41,848 [INFO]  -> Processed 087 - DETIC-IC (27).jpg
2025-07-02 09:51:41,848 [INFO] Processando imagem: 088 - DETIC-IC (27).jpg...
2025-07-02 09:51:42,143 [INFO]  -> Processed 088 - DETIC-IC (27).jpg
2025-07-02 09:51:42,143 [INFO] Processando imagem: 089 - DETIC-IC (27).jpg...
2025-07-02 09:51:42,318 [INFO]  -> Processed 089 - DETIC-IC (27).jpg
2025-07-02 09:51:42,318 [INFO] Processando imagem: 090 - DETIC-IC (27).jpg...
2025-07-02 09:51:42,623 [INFO]  -> Processed 090 - DETIC-IC (27).jpg
2025-07-02 09:51:42,623 [INFO] Processando imagem: 091 - DETIC-IC (27).jpg...
2025-07-02 09:51:42,911 [INFO]  -> Processed 091 - DETIC-IC (27).jpg
2025-07-02 09:51:42,912 [INFO] Processando imagem: 092 - DETIC-IC (27).jpg...
2025-07-02 09:51:43,232 [INFO]  -> Processed 092 - DETIC-IC (27).jpg
2025-07-02 09:51:43,232 [INFO] Processando imagem: 093 - DETIC-IC (27).jpg...
2025-07-02 09:51:43,530 [INFO]  -> Processed 093 - DETIC-IC (27).jpg
2025-07-02 09:51:43,530 [INFO] Processando imagem: 094 - DETIC-IC (27).jpg...
2025-07-02 09:51:43,795 [INFO]  -> Processed 094 - DETIC-IC (27).jpg
2025-07-02 09:51:43,795 [INFO] Processando imagem: 095 - DETIC-IC (27).jpg...
2025-07-02 09:51:44,088 [INFO]  -> Processed 095 - DETIC-IC (27).jpg
2025-07-02 09:51:44,089 [INFO] Processando imagem: 096 - DETIC-IC (27).jpg...
2025-07-02 09:51:44,242 [INFO]  -> Processed 096 - DETIC-IC (27).jpg
2025-07-02 09:51:44,243 [INFO] Processando imagem: 097 - DETIC-IC (27).jpg...
2025-07-02 09:51:44,414 [INFO]  -> Processed 097 - DETIC-IC (27).jpg
2025-07-02 09:51:44,414 [INFO] Processando imagem: 098 - DETIC-IC (27).jpg...
2025-07-02 09:51:44,713 [INFO]  -> Processed 098 - DETIC-IC (27).jpg
2025-07-02 09:51:44,713 [INFO] Processando imagem: 099 - DGA (02).jpg...
2025-07-02 09:51:44,982 [INFO]  -> Processed 099 - DGA (02).jpg
2025-07-02 09:51:44,982 [INFO] Processando imagem: 100 - EB (05).jpg...
2025-07-02 09:51:45,271 [INFO]  -> Processed 100 - EB (05).jpg
2025-07-02 09:51:45,271 [INFO] Processando imagem: 106 - Estacionamento Ginásio.jpg...
2025-07-02 09:51:45,576 [INFO]  -> Processed 106 - Estacionamento Ginásio.jpg
2025-07-02 09:51:45,582 [INFO] Processando imagem: 110 - Farmácia - FCF (04).jpg...
2025-07-02 09:51:45,867 [INFO]  -> Processed 110 - Farmácia - FCF (04).jpg
2025-07-02 09:51:45,868 [INFO] Processando imagem: 111 - Farmácia - FCF (04).jpg...
2025-07-02 09:51:46,177 [INFO]  -> Processed 111 - Farmácia - FCF (04).jpg
2025-07-02 09:51:46,177 [INFO] Processando imagem: 114 - Farmácia - FCF (04).jpg...
2025-07-02 09:51:46,475 [INFO]  -> Processed 114 - Farmácia - FCF (04).jpg
2025-07-02 09:51:46,475 [INFO] Processando imagem: 115 - Farmácia - FCF (04).jpg...
2025-07-02 09:51:46,735 [INFO]  -> Processed 115 - Farmácia - FCF (04).jpg
2025-07-02 09:51:46,736 [INFO] Processando imagem: 116 - Farmácia - FCF (04).jpg...
2025-07-02 09:51:47,003 [INFO]  -> Processed 116 - Farmácia - FCF (04).jpg
2025-07-02 09:51:47,003 [INFO] Processando imagem: 117 - Farmácia - FCF (04).jpg...
2025-07-02 09:51:47,285 [INFO]  -> Processed 117 - Farmácia - FCF (04).jpg
2025-07-02 09:51:47,285 [INFO] Processando imagem: 119 - FEAGRI (28).jpg...
2025-07-02 09:51:47,568 [INFO]  -> Processed 119 - FEAGRI (28).jpg
2025-07-02 09:51:47,569 [INFO] Processando imagem: 120 - FEAGRI (28).jpg...
2025-07-02 09:51:47,880 [INFO]  -> Processed 120 - FEAGRI (28).jpg
2025-07-02 09:51:47,880 [INFO] Processando imagem: 121 - FEAGRI (28).jpg...
2025-07-02 09:51:48,179 [INFO]  -> Processed 121 - FEAGRI (28).jpg
2025-07-02 09:51:48,180 [INFO] Processando imagem: 122 - FEAGRI (28).jpg...
2025-07-02 09:51:48,497 [INFO]  -> Processed 122 - FEAGRI (28).jpg
2025-07-02 09:51:48,497 [INFO] Processando imagem: 123 - FEAGRI (28).jpg...
2025-07-02 09:51:48,813 [INFO]  -> Processed 123 - FEAGRI (28).jpg
2025-07-02 09:51:48,813 [INFO] Processando imagem: 125 - FEAGRI (28).jpg...
2025-07-02 09:51:49,121 [INFO]  -> Processed 125 - FEAGRI (28).jpg
2025-07-02 09:51:49,121 [INFO] Processando imagem: 129 - FEAGRI (28).jpg...
2025-07-02 09:51:49,414 [INFO]  -> Processed 129 - FEAGRI (28).jpg
2025-07-02 09:51:49,414 [INFO] Processando imagem: 131 - FEAGRI (28).jpg...
2025-07-02 09:51:49,698 [INFO]  -> Processed 131 - FEAGRI (28).jpg
2025-07-02 09:51:49,698 [INFO] Processando imagem: 132 - FEC (43).jpg...
2025-07-02 09:51:49,987 [INFO]  -> Processed 132 - FEC (43).jpg
2025-07-02 09:51:49,987 [INFO] Processando imagem: 134 - FEEC (08).jpg...
2025-07-02 09:51:50,286 [INFO]  -> Processed 134 - FEEC (08).jpg
2025-07-02 09:51:50,287 [INFO] Processando imagem: 135 - FEEC (08).jpg...
2025-07-02 09:51:50,565 [INFO]  -> Processed 135 - FEEC (08).jpg
2025-07-02 09:51:50,565 [INFO] Processando imagem: 137 - FEM (47).jpg...
2025-07-02 09:51:50,871 [INFO]  -> Processed 137 - FEM (47).jpg
2025-07-02 09:51:50,872 [INFO] Processando imagem: 139 - FEM (47).jpg...
2025-07-02 09:51:51,158 [INFO]  -> Processed 139 - FEM (47).jpg
2025-07-02 09:51:51,158 [INFO] Processando imagem: 140 - HC (30).jpg...
2025-07-02 09:51:51,425 [INFO]  -> Processed 140 - HC (30).jpg
2025-07-02 09:51:51,425 [INFO] Processando imagem: 141 - HC (30).jpg...
2025-07-02 09:51:51,684 [INFO]  -> Processed 141 - HC (30).jpg
2025-07-02 09:51:51,684 [INFO] Processando imagem: 142 - HC (30).jpg...
2025-07-02 09:51:51,955 [INFO]  -> Processed 142 - HC (30).jpg
2025-07-02 09:51:51,955 [INFO] Processando imagem: 143 - HC (30).jpg...
2025-07-02 09:51:52,232 [INFO]  -> Processed 143 - HC (30).jpg
2025-07-02 09:51:52,232 [INFO] Processando imagem: 144 - HC (30).jpg...
2025-07-02 09:51:52,526 [INFO]  -> Processed 144 - HC (30).jpg
2025-07-02 09:51:52,526 [INFO] Processando imagem: 145 - HC (30).jpg...
2025-07-02 09:51:52,815 [INFO]  -> Processed 145 - HC (30).jpg
2025-07-02 09:51:52,816 [INFO] Processando imagem: 146 - HC (30).jpg...
2025-07-02 09:51:53,073 [INFO]  -> Processed 146 - HC (30).jpg
2025-07-02 09:51:53,074 [INFO] Processando imagem: 148 - HC (30).jpg...
2025-07-02 09:51:53,325 [INFO]  -> Processed 148 - HC (30).jpg
2025-07-02 09:51:53,326 [INFO] Processando imagem: 149 - HC (30).jpg...
2025-07-02 09:51:53,605 [INFO]  -> Processed 149 - HC (30).jpg
2025-07-02 09:51:53,605 [INFO] Processando imagem: 150 - HC (30).jpg...
2025-07-02 09:51:53,866 [INFO]  -> Processed 150 - HC (30).jpg
2025-07-02 09:51:53,866 [INFO] Processando imagem: 151 - HC-CAISM (03).jpg...
2025-07-02 09:51:54,021 [INFO]  -> Processed 151 - HC-CAISM (03).jpg
2025-07-02 09:51:54,021 [INFO] Processando imagem: 152 - HC-CAISM (03).jpg...
2025-07-02 09:51:54,189 [INFO]  -> Processed 152 - HC-CAISM (03).jpg
2025-07-02 09:51:54,189 [INFO] Processando imagem: 153 - HC-CAISM (03).jpg...
2025-07-02 09:51:54,361 [INFO]  -> Processed 153 - HC-CAISM (03).jpg
2025-07-02 09:51:54,361 [INFO] Processando imagem: 156 - HC-CAISM (03).jpg...
2025-07-02 09:51:54,549 [INFO]  -> Processed 156 - HC-CAISM (03).jpg
2025-07-02 09:51:54,550 [INFO] Processando imagem: 157 - IB - Creche (20).jpg...
2025-07-02 09:51:54,857 [INFO]  -> Processed 157 - IB - Creche (20).jpg
2025-07-02 09:51:54,857 [INFO] Processando imagem: 159 - IB - Creche (20).jpg...
2025-07-02 09:51:55,154 [INFO]  -> Processed 159 - IB - Creche (20).jpg
2025-07-02 09:51:55,154 [INFO] Processando imagem: 160 - IB - Creche (20).jpg...
2025-07-02 09:51:55,448 [INFO]  -> Processed 160 - IB - Creche (20).jpg
2025-07-02 09:51:55,448 [INFO] Processando imagem: 162 - IG (33).jpg...
2025-07-02 09:51:55,740 [INFO]  -> Processed 162 - IG (33).jpg
2025-07-02 09:51:55,740 [INFO] Processando imagem: 163 - INOVA - Vértice.jpg...
2025-07-02 09:51:56,018 [INFO]  -> Processed 163 - INOVA - Vértice.jpg
2025-07-02 09:51:56,019 [INFO] Processando imagem: 165 - James Maxwell.jpg...
2025-07-02 09:51:56,293 [INFO]  -> Processed 165 - James Maxwell.jpg
2025-07-02 09:51:56,294 [INFO] Processando imagem: 166 - José Magalhães Teixeira.jpg...
2025-07-02 09:51:56,570 [INFO]  -> Processed 166 - José Magalhães Teixeira.jpg
2025-07-02 09:51:56,570 [INFO] Processando imagem: 167 - José Magalhães Teixeira.jpg...
2025-07-02 09:51:56,833 [INFO]  -> Processed 167 - José Magalhães Teixeira.jpg
2025-07-02 09:51:56,834 [INFO] Processando imagem: 170 - L PETRO (48).jpg...
2025-07-02 09:51:57,110 [INFO]  -> Processed 170 - L PETRO (48).jpg
2025-07-02 09:51:57,110 [INFO] Processando imagem: 171 - L PETRO (48).jpg...
2025-07-02 09:51:57,389 [INFO]  -> Processed 171 - L PETRO (48).jpg
2025-07-02 09:51:57,390 [INFO] Processando imagem: 172 - L PETRO (48).jpg...
2025-07-02 09:51:57,667 [INFO]  -> Processed 172 - L PETRO (48).jpg
2025-07-02 09:51:57,667 [INFO] Processando imagem: 173 - MUSEU (52).jpg...
2025-07-02 09:51:57,966 [INFO]  -> Processed 173 - MUSEU (52).jpg
2025-07-02 09:51:57,967 [INFO] Processando imagem: 174 - MUSEU (52).jpg...
2025-07-02 09:51:58,259 [INFO]  -> Processed 174 - MUSEU (52).jpg
2025-07-02 09:51:58,259 [INFO] Processando imagem: 175 - MUSEU (52).jpg...
2025-07-02 09:51:58,562 [INFO]  -> Processed 175 - MUSEU (52).jpg
2025-07-02 09:51:58,563 [INFO] Processando imagem: 176 - MUSEU (52).jpg...
2025-07-02 09:51:58,845 [INFO]  -> Processed 176 - MUSEU (52).jpg
2025-07-02 09:51:58,845 [INFO] Processando imagem: 177 - MUSEU (52).jpg...
2025-07-02 09:51:59,156 [INFO]  -> Processed 177 - MUSEU (52).jpg
2025-07-02 09:51:59,158 [INFO] Processando imagem: 178 - MUSEU (52).jpg...
2025-07-02 09:51:59,455 [INFO]  -> Processed 178 - MUSEU (52).jpg
2025-07-02 09:51:59,455 [INFO] Processando imagem: 179 - MUSEU (52).jpg...
2025-07-02 09:51:59,749 [INFO]  -> Processed 179 - MUSEU (52).jpg
2025-07-02 09:51:59,749 [INFO] Processando imagem: 180 - P. GASOL (49).jpg...
2025-07-02 09:52:00,047 [INFO]  -> Processed 180 - P. GASOL (49).jpg
2025-07-02 09:52:00,048 [INFO] Processando imagem: 182 - P. GASOL (49).jpg...
2025-07-02 09:52:00,224 [INFO]  -> Processed 182 - P. GASOL (49).jpg
2025-07-02 09:52:00,224 [INFO] Processando imagem: 183 - P. GASOL (49).jpg...
2025-07-02 09:52:00,398 [INFO]  -> Processed 183 - P. GASOL (49).jpg
2025-07-02 09:52:00,399 [INFO] Processando imagem: 186 - Praça Carlos D. Andrade.jpg...
2025-07-02 09:52:00,653 [INFO]  -> Processed 186 - Praça Carlos D. Andrade.jpg
2025-07-02 09:52:00,653 [INFO] Processando imagem: 187 - Praça Carlos D. Andrade.jpg...
2025-07-02 09:52:00,915 [INFO]  -> Processed 187 - Praça Carlos D. Andrade.jpg
2025-07-02 09:52:00,915 [INFO] Processando imagem: 188 - PRAÇA DA PAZ (37).jpg...
2025-07-02 09:52:01,231 [INFO]  -> Processed 188 - PRAÇA DA PAZ (37).jpg
2025-07-02 09:52:01,232 [INFO] Processando imagem: 189 - PRAÇA DA PAZ (37).jpg...
2025-07-02 09:52:01,538 [INFO]  -> Processed 189 - PRAÇA DA PAZ (37).jpg
2025-07-02 09:52:01,539 [INFO] Processando imagem: 191 - QDS. FCM (46).jpg...
2025-07-02 09:52:01,825 [INFO]  -> Processed 191 - QDS. FCM (46).jpg
2025-07-02 09:52:01,825 [INFO] Processando imagem: 192 - QDS. FCM (46).jpg...
2025-07-02 09:52:02,137 [INFO]  -> Processed 192 - QDS. FCM (46).jpg
2025-07-02 09:52:02,137 [INFO] Processando imagem: 194 - QDS. FCM (46).jpg...
2025-07-02 09:52:02,429 [INFO]  -> Processed 194 - QDS. FCM (46).jpg
2025-07-02 09:52:02,429 [INFO] Processando imagem: 196 - QDS. FCM (46).jpg...
2025-07-02 09:52:02,683 [INFO]  -> Processed 196 - QDS. FCM (46).jpg
2025-07-02 09:52:02,683 [INFO] Processando imagem: 197 - QDS. FCM (46).jpg...
2025-07-02 09:52:02,973 [INFO]  -> Processed 197 - QDS. FCM (46).jpg
2025-07-02 09:52:02,973 [INFO] Processando imagem: 198 - QDS. FCM (46).jpg...
2025-07-02 09:52:03,220 [INFO]  -> Processed 198 - QDS. FCM (46).jpg
2025-07-02 09:52:03,220 [INFO] Processando imagem: 199 - R. Roxo Moreira - Prefeitura.jpg...
2025-07-02 09:52:03,507 [INFO]  -> Processed 199 - R. Roxo Moreira - Prefeitura.jpg
2025-07-02 09:52:03,507 [INFO] Processando imagem: 200 - R. Roxo Moreira - Prefeitura.jpg...
2025-07-02 09:52:03,776 [INFO]  -> Processed 200 - R. Roxo Moreira - Prefeitura.jpg
2025-07-02 09:52:03,776 [INFO] Processando imagem: 201 - R. Roxo Moreira - Prefeitura.jpg...
2025-07-02 09:52:04,063 [INFO]  -> Processed 201 - R. Roxo Moreira - Prefeitura.jpg
2025-07-02 09:52:04,063 [INFO] Processando imagem: 203 - R. Walter August Hadler.jpg...
2025-07-02 09:52:04,323 [INFO]  -> Processed 203 - R. Walter August Hadler.jpg
2025-07-02 09:52:04,324 [INFO] Processando imagem: 204 - REITORIA (01).jpg...
2025-07-02 09:52:04,608 [INFO]  -> Processed 204 - REITORIA (01).jpg
2025-07-02 09:52:04,608 [INFO] Processando imagem: 206 - REITORIA (01).jpg...
2025-07-02 09:52:04,909 [INFO]  -> Processed 206 - REITORIA (01).jpg
2025-07-02 09:52:04,909 [INFO] Processando imagem: 207 - REITORIA (01).jpg...
2025-07-02 09:52:05,077 [INFO]  -> Processed 207 - REITORIA (01).jpg
2025-07-02 09:52:05,077 [INFO] Processando imagem: 210 - RS-IC (44).jpg...
2025-07-02 09:52:05,244 [INFO]  -> Processed 210 - RS-IC (44).jpg
2025-07-02 09:52:05,245 [INFO] Processando imagem: 221 - Rua dos Flamboyants.jpg...
2025-07-02 09:52:05,541 [INFO]  -> Processed 221 - Rua dos Flamboyants.jpg
2025-07-02 09:52:05,541 [INFO] Processando imagem: 222 - Rua dos Flamboyants.jpg...
2025-07-02 09:52:05,819 [INFO]  -> Processed 222 - Rua dos Flamboyants.jpg
2025-07-02 09:52:05,820 [INFO] Processando imagem: 224 - Rua dos Flamboyants.jpg...
2025-07-02 09:52:06,110 [INFO]  -> Processed 224 - Rua dos Flamboyants.jpg
2025-07-02 09:52:06,111 [INFO] Arquivo HTML gerado: C:\Users\327887\Documents\0000_RELATORIOS\0000_GERAL\250630\250630_Relatorio.html
2025-07-02 10:11:24,794 [INFO] Encontradas 144 imagens para processar em: C:\Users\327887\Documents\0000_RELATORIOS\0000_GERAL\250630
2025-07-02 10:11:24,806 [INFO] Processando imagem: 001 - ADUNICAMP.jpg...
2025-07-02 10:11:24,978 [INFO]  -> Processed 001 - ADUNICAMP.jpg
2025-07-02 10:11:24,978 [INFO] Processando imagem: 002 - ADUNICAMP.jpg...
2025-07-02 10:11:25,286 [INFO]  -> Processed 002 - ADUNICAMP.jpg
2025-07-02 10:11:25,286 [INFO] Processando imagem: 004 - Av.  André Tosello.jpg...
2025-07-02 10:11:25,578 [INFO]  -> Processed 004 - Av.  André Tosello.jpg
2025-07-02 10:11:25,578 [INFO] Processando imagem: 005 - Av.  André Tosello.jpg...
2025-07-02 10:11:25,878 [INFO]  -> Processed 005 - Av.  André Tosello.jpg
2025-07-02 10:11:25,879 [INFO] Processando imagem: 006 - Av. Adolfo Lutz.jpg...
2025-07-02 10:11:26,158 [INFO]  -> Processed 006 - Av. Adolfo Lutz.jpg
2025-07-02 10:11:26,158 [INFO] Processando imagem: 007 - Av. Adolfo Lutz.jpg...
2025-07-02 10:11:26,433 [INFO]  -> Processed 007 - Av. Adolfo Lutz.jpg
2025-07-02 10:11:26,433 [INFO] Processando imagem: 009 - Av. Alan Turing.jpg...
2025-07-02 10:11:26,723 [INFO]  -> Processed 009 - Av. Alan Turing.jpg
2025-07-02 10:11:26,723 [INFO] Processando imagem: 010 - Av. Alan Turing.jpg...
2025-07-02 10:11:27,030 [INFO]  -> Processed 010 - Av. Alan Turing.jpg
2025-07-02 10:11:27,030 [INFO] Processando imagem: 011 - Av. Albert Einstein.jpg...
2025-07-02 10:11:27,376 [INFO]  -> Processed 011 - Av. Albert Einstein.jpg
2025-07-02 10:11:27,376 [INFO] Processando imagem: 012 - Av. Albert Einstein.jpg...
2025-07-02 10:11:27,683 [INFO]  -> Processed 012 - Av. Albert Einstein.jpg
2025-07-02 10:11:27,683 [INFO] Processando imagem: 014 - Av. Antônio da Costa Santos.jpg...
2025-07-02 10:11:27,963 [INFO]  -> Processed 014 - Av. Antônio da Costa Santos.jpg
2025-07-02 10:11:27,964 [INFO] Processando imagem: 017 - Av. Antônio da Costa Santos.jpg...
2025-07-02 10:11:28,270 [INFO]  -> Processed 017 - Av. Antônio da Costa Santos.jpg
2025-07-02 10:11:28,270 [INFO] Processando imagem: 018 - Av. Antônio da Costa Santos.jpg...
2025-07-02 10:11:28,571 [INFO]  -> Processed 018 - Av. Antônio da Costa Santos.jpg
2025-07-02 10:11:28,571 [INFO] Processando imagem: 019 - Av. Cândido Rondon.jpg...
2025-07-02 10:11:28,853 [INFO]  -> Processed 019 - Av. Cândido Rondon.jpg
2025-07-02 10:11:28,854 [INFO] Processando imagem: 021 - Av. Oswaldo Cruz.jpg...
2025-07-02 10:11:29,142 [INFO]  -> Processed 021 - Av. Oswaldo Cruz.jpg
2025-07-02 10:11:29,143 [INFO] Processando imagem: 022 - Av. Oswaldo Cruz.jpg...
2025-07-02 10:11:29,441 [INFO]  -> Processed 022 - Av. Oswaldo Cruz.jpg
2025-07-02 10:11:29,442 [INFO] Processando imagem: 023 - Av. Oswaldo Cruz.jpg...
2025-07-02 10:11:29,737 [INFO]  -> Processed 023 - Av. Oswaldo Cruz.jpg
2025-07-02 10:11:29,737 [INFO] Processando imagem: 024 - Av. Oswaldo Cruz.jpg...
2025-07-02 10:11:29,998 [INFO]  -> Processed 024 - Av. Oswaldo Cruz.jpg
2025-07-02 10:11:29,998 [INFO] Processando imagem: 025 - Balão do HC.jpg...
2025-07-02 10:11:30,310 [INFO]  -> Processed 025 - Balão do HC.jpg
2025-07-02 10:11:30,310 [INFO] Processando imagem: 026 - Balão do HC.jpg...
2025-07-02 10:11:30,602 [INFO]  -> Processed 026 - Balão do HC.jpg
2025-07-02 10:11:30,602 [INFO] Processando imagem: 027 - Balão FCM.jpg...
2025-07-02 10:11:30,895 [INFO]  -> Processed 027 - Balão FCM.jpg
2025-07-02 10:11:30,895 [INFO] Processando imagem: 028 - CANT. DM (41).jpg...
2025-07-02 10:11:31,322 [INFO]  -> Processed 028 - CANT. DM (41).jpg
2025-07-02 10:11:31,323 [INFO] Processando imagem: 029 - CANT. DM (41).jpg...
2025-07-02 10:11:31,789 [INFO]  -> Processed 029 - CANT. DM (41).jpg
2025-07-02 10:11:31,790 [INFO] Processando imagem: 030 - CANT. DM (41).jpg...
2025-07-02 10:11:32,239 [INFO]  -> Processed 030 - CANT. DM (41).jpg
2025-07-02 10:11:32,239 [INFO] Processando imagem: 031 - CANT. DM (41).jpg...
2025-07-02 10:11:32,544 [INFO]  -> Processed 031 - CANT. DM (41).jpg
2025-07-02 10:11:32,544 [INFO] Processando imagem: 032 - CANT. DM (41).jpg...
2025-07-02 10:11:32,820 [INFO]  -> Processed 032 - CANT. DM (41).jpg
2025-07-02 10:11:32,820 [INFO] Processando imagem: 033 - CANT. DM (41).jpg...
2025-07-02 10:11:33,070 [INFO]  -> Processed 033 - CANT. DM (41).jpg
2025-07-02 10:11:33,071 [INFO] Processando imagem: 034 - CANT. DM (41).jpg...
2025-07-02 10:11:33,339 [INFO]  -> Processed 034 - CANT. DM (41).jpg
2025-07-02 10:11:33,339 [INFO] Processando imagem: 035 - CANT. DM (41).jpg...
2025-07-02 10:11:33,617 [INFO]  -> Processed 035 - CANT. DM (41).jpg
2025-07-02 10:11:33,618 [INFO] Processando imagem: 037 - CASA DO LAGO (35).jpg...
2025-07-02 10:11:33,904 [INFO]  -> Processed 037 - CASA DO LAGO (35).jpg
2025-07-02 10:11:33,904 [INFO] Processando imagem: 038 - CASA DO LAGO (35).jpg...
2025-07-02 10:11:34,188 [INFO]  -> Processed 038 - CASA DO LAGO (35).jpg
2025-07-02 10:11:34,188 [INFO] Processando imagem: 039 - CASA DO LAGO (35).jpg...
2025-07-02 10:11:34,484 [INFO]  -> Processed 039 - CASA DO LAGO (35).jpg
2025-07-02 10:11:34,484 [INFO] Processando imagem: 040 - CB I e II (21).jpg...
2025-07-02 10:11:34,780 [INFO]  -> Processed 040 - CB I e II (21).jpg
2025-07-02 10:11:34,780 [INFO] Processando imagem: 041 - CB I e II (21).jpg...
2025-07-02 10:11:35,060 [INFO]  -> Processed 041 - CB I e II (21).jpg
2025-07-02 10:11:35,061 [INFO] Processando imagem: 042 - CB I e II (21).jpg...
2025-07-02 10:11:35,344 [INFO]  -> Processed 042 - CB I e II (21).jpg
2025-07-02 10:11:35,345 [INFO] Processando imagem: 047 - CECOM - GASTROCENTRO (31).jpg...
2025-07-02 10:11:35,621 [INFO]  -> Processed 047 - CECOM - GASTROCENTRO (31).jpg
2025-07-02 10:11:35,621 [INFO] Processando imagem: 050 - CECOM - HEMOCENTRO (31).jpg...
2025-07-02 10:11:35,885 [INFO]  -> Processed 050 - CECOM - HEMOCENTRO (31).jpg
2025-07-02 10:11:35,885 [INFO] Processando imagem: 058 - CEMIB-DMA (07).jpg...
2025-07-02 10:11:36,131 [INFO]  -> Processed 058 - CEMIB-DMA (07).jpg
2025-07-02 10:11:36,131 [INFO] Processando imagem: 060 - CORREIOS (34).jpg...
2025-07-02 10:11:36,417 [INFO]  -> Processed 060 - CORREIOS (34).jpg
2025-07-02 10:11:36,417 [INFO] Processando imagem: 061 - CORREIOS (34).jpg...
2025-07-02 10:11:36,711 [INFO]  -> Processed 061 - CORREIOS (34).jpg
2025-07-02 10:11:36,712 [INFO] Processando imagem: 062 - CT-RA (06).jpg...
2025-07-02 10:11:37,011 [INFO]  -> Processed 062 - CT-RA (06).jpg
2025-07-02 10:11:37,011 [INFO] Processando imagem: 063 - CT-RA (06).jpg...
2025-07-02 10:11:37,305 [INFO]  -> Processed 063 - CT-RA (06).jpg
2025-07-02 10:11:37,306 [INFO] Processando imagem: 064 - CT-RA (06).jpg...
2025-07-02 10:11:37,598 [INFO]  -> Processed 064 - CT-RA (06).jpg
2025-07-02 10:11:37,598 [INFO] Processando imagem: 065 - Cx. D'ÁGUA (42).jpg...
2025-07-02 10:11:37,884 [INFO]  -> Processed 065 - Cx. D'ÁGUA (42).jpg
2025-07-02 10:11:37,884 [INFO] Processando imagem: 067 - Cx. D'ÁGUA (42).jpg...
2025-07-02 10:11:38,166 [INFO]  -> Processed 067 - Cx. D'ÁGUA (42).jpg
2025-07-02 10:11:38,167 [INFO] Processando imagem: 068 - Cx. D'ÁGUA (42).jpg...
2025-07-02 10:11:38,426 [INFO]  -> Processed 068 - Cx. D'ÁGUA (42).jpg
2025-07-02 10:11:38,426 [INFO] Processando imagem: 069 - Cx. D'ÁGUA (42).jpg...
2025-07-02 10:11:38,677 [INFO]  -> Processed 069 - Cx. D'ÁGUA (42).jpg
2025-07-02 10:11:38,678 [INFO] Processando imagem: 071 - DEDIC (39).jpg...
2025-07-02 10:11:38,974 [INFO]  -> Processed 071 - DEDIC (39).jpg
2025-07-02 10:11:38,975 [INFO] Processando imagem: 072 - DEDIC (39).jpg...
2025-07-02 10:11:39,277 [INFO]  -> Processed 072 - DEDIC (39).jpg
2025-07-02 10:11:39,277 [INFO] Processando imagem: 073 - DEDIC (39).jpg...
2025-07-02 10:11:39,570 [INFO]  -> Processed 073 - DEDIC (39).jpg
2025-07-02 10:11:39,570 [INFO] Processando imagem: 074 - DEDIC (39).jpg...
2025-07-02 10:11:39,864 [INFO]  -> Processed 074 - DEDIC (39).jpg
2025-07-02 10:11:39,864 [INFO] Processando imagem: 083 - DETIC-IC (27).jpg...
2025-07-02 10:11:40,150 [INFO]  -> Processed 083 - DETIC-IC (27).jpg
2025-07-02 10:11:40,150 [INFO] Processando imagem: 085 - DETIC-IC (27).jpg...
2025-07-02 10:11:40,446 [INFO]  -> Processed 085 - DETIC-IC (27).jpg
2025-07-02 10:11:40,446 [INFO] Processando imagem: 086 - DETIC-IC (27).jpg...
2025-07-02 10:11:40,715 [INFO]  -> Processed 086 - DETIC-IC (27).jpg
2025-07-02 10:11:40,715 [INFO] Processando imagem: 087 - DETIC-IC (27).jpg...
2025-07-02 10:11:41,004 [INFO]  -> Processed 087 - DETIC-IC (27).jpg
2025-07-02 10:11:41,005 [INFO] Processando imagem: 088 - DETIC-IC (27).jpg...
2025-07-02 10:11:41,296 [INFO]  -> Processed 088 - DETIC-IC (27).jpg
2025-07-02 10:11:41,296 [INFO] Processando imagem: 089 - DETIC-IC (27).jpg...
2025-07-02 10:11:41,578 [INFO]  -> Processed 089 - DETIC-IC (27).jpg
2025-07-02 10:11:41,578 [INFO] Processando imagem: 090 - DETIC-IC (27).jpg...
2025-07-02 10:11:41,888 [INFO]  -> Processed 090 - DETIC-IC (27).jpg
2025-07-02 10:11:41,891 [INFO] Processando imagem: 091 - DETIC-IC (27).jpg...
2025-07-02 10:11:42,184 [INFO]  -> Processed 091 - DETIC-IC (27).jpg
2025-07-02 10:11:42,184 [INFO] Processando imagem: 092 - DETIC-IC (27).jpg...
2025-07-02 10:11:42,507 [INFO]  -> Processed 092 - DETIC-IC (27).jpg
2025-07-02 10:11:42,507 [INFO] Processando imagem: 093 - DETIC-IC (27).jpg...
2025-07-02 10:11:42,812 [INFO]  -> Processed 093 - DETIC-IC (27).jpg
2025-07-02 10:11:42,812 [INFO] Processando imagem: 094 - DETIC-IC (27).jpg...
2025-07-02 10:11:43,079 [INFO]  -> Processed 094 - DETIC-IC (27).jpg
2025-07-02 10:11:43,080 [INFO] Processando imagem: 095 - DETIC-IC (27).jpg...
2025-07-02 10:11:43,375 [INFO]  -> Processed 095 - DETIC-IC (27).jpg
2025-07-02 10:11:43,375 [INFO] Processando imagem: 096 - DETIC-IC (27).jpg...
2025-07-02 10:11:43,632 [INFO]  -> Processed 096 - DETIC-IC (27).jpg
2025-07-02 10:11:43,632 [INFO] Processando imagem: 097 - DETIC-IC (27).jpg...
2025-07-02 10:11:43,914 [INFO]  -> Processed 097 - DETIC-IC (27).jpg
2025-07-02 10:11:43,914 [INFO] Processando imagem: 098 - DETIC-IC (27).jpg...
2025-07-02 10:11:44,218 [INFO]  -> Processed 098 - DETIC-IC (27).jpg
2025-07-02 10:11:44,219 [INFO] Processando imagem: 099 - DGA (02).jpg...
2025-07-02 10:11:44,489 [INFO]  -> Processed 099 - DGA (02).jpg
2025-07-02 10:11:44,489 [INFO] Processando imagem: 100 - EB (05).jpg...
2025-07-02 10:11:44,779 [INFO]  -> Processed 100 - EB (05).jpg
2025-07-02 10:11:44,780 [INFO] Processando imagem: 106 - Estacionamento Ginásio.jpg...
2025-07-02 10:11:45,082 [INFO]  -> Processed 106 - Estacionamento Ginásio.jpg
2025-07-02 10:11:45,083 [INFO] Processando imagem: 110 - Farmácia - FCF (04).jpg...
2025-07-02 10:11:45,365 [INFO]  -> Processed 110 - Farmácia - FCF (04).jpg
2025-07-02 10:11:45,365 [INFO] Processando imagem: 111 - Farmácia - FCF (04).jpg...
2025-07-02 10:11:45,674 [INFO]  -> Processed 111 - Farmácia - FCF (04).jpg
2025-07-02 10:11:45,674 [INFO] Processando imagem: 114 - Farmácia - FCF (04).jpg...
2025-07-02 10:11:45,971 [INFO]  -> Processed 114 - Farmácia - FCF (04).jpg
2025-07-02 10:11:45,972 [INFO] Processando imagem: 115 - Farmácia - FCF (04).jpg...
2025-07-02 10:11:46,230 [INFO]  -> Processed 115 - Farmácia - FCF (04).jpg
2025-07-02 10:11:46,230 [INFO] Processando imagem: 116 - Farmácia - FCF (04).jpg...
2025-07-02 10:11:46,499 [INFO]  -> Processed 116 - Farmácia - FCF (04).jpg
2025-07-02 10:11:46,500 [INFO] Processando imagem: 117 - Farmácia - FCF (04).jpg...
2025-07-02 10:11:46,779 [INFO]  -> Processed 117 - Farmácia - FCF (04).jpg
2025-07-02 10:11:46,779 [INFO] Processando imagem: 119 - FEAGRI (28).jpg...
2025-07-02 10:11:47,063 [INFO]  -> Processed 119 - FEAGRI (28).jpg
2025-07-02 10:11:47,063 [INFO] Processando imagem: 120 - FEAGRI (28).jpg...
2025-07-02 10:11:47,374 [INFO]  -> Processed 120 - FEAGRI (28).jpg
2025-07-02 10:11:47,374 [INFO] Processando imagem: 121 - FEAGRI (28).jpg...
2025-07-02 10:11:47,678 [INFO]  -> Processed 121 - FEAGRI (28).jpg
2025-07-02 10:11:47,678 [INFO] Processando imagem: 122 - FEAGRI (28).jpg...
2025-07-02 10:11:48,000 [INFO]  -> Processed 122 - FEAGRI (28).jpg
2025-07-02 10:11:48,001 [INFO] Processando imagem: 123 - FEAGRI (28).jpg...
2025-07-02 10:11:48,320 [INFO]  -> Processed 123 - FEAGRI (28).jpg
2025-07-02 10:11:48,320 [INFO] Processando imagem: 125 - FEAGRI (28).jpg...
2025-07-02 10:11:48,625 [INFO]  -> Processed 125 - FEAGRI (28).jpg
2025-07-02 10:11:48,625 [INFO] Processando imagem: 126 - FEAGRI (28).jpg...
2025-07-02 10:11:48,813 [INFO]  -> Processed 126 - FEAGRI (28).jpg
2025-07-02 10:11:48,813 [INFO] Processando imagem: 130 - FEAGRI (28).jpg...
2025-07-02 10:11:49,105 [INFO]  -> Processed 130 - FEAGRI (28).jpg
2025-07-02 10:11:49,105 [INFO] Processando imagem: 132 - FEAGRI (28).jpg...
2025-07-02 10:11:49,276 [INFO]  -> Processed 132 - FEAGRI (28).jpg
2025-07-02 10:11:49,277 [INFO] Processando imagem: 133 - FEC (43).jpg...
2025-07-02 10:11:49,561 [INFO]  -> Processed 133 - FEC (43).jpg
2025-07-02 10:11:49,561 [INFO] Processando imagem: 135 - FEEC (08).jpg...
2025-07-02 10:11:49,863 [INFO]  -> Processed 135 - FEEC (08).jpg
2025-07-02 10:11:49,863 [INFO] Processando imagem: 136 - FEEC (08).jpg...
2025-07-02 10:11:50,148 [INFO]  -> Processed 136 - FEEC (08).jpg
2025-07-02 10:11:50,151 [INFO] Processando imagem: 139 - FEM (47).jpg...
2025-07-02 10:11:50,331 [INFO]  -> Processed 139 - FEM (47).jpg
2025-07-02 10:11:50,331 [INFO] Processando imagem: 140 - HC (30).jpg...
2025-07-02 10:11:50,598 [INFO]  -> Processed 140 - HC (30).jpg
2025-07-02 10:11:50,599 [INFO] Processando imagem: 141 - HC (30).jpg...
2025-07-02 10:11:50,860 [INFO]  -> Processed 141 - HC (30).jpg
2025-07-02 10:11:50,861 [INFO] Processando imagem: 142 - HC (30).jpg...
2025-07-02 10:11:51,128 [INFO]  -> Processed 142 - HC (30).jpg
2025-07-02 10:11:51,129 [INFO] Processando imagem: 143 - HC (30).jpg...
2025-07-02 10:11:51,408 [INFO]  -> Processed 143 - HC (30).jpg
2025-07-02 10:11:51,408 [INFO] Processando imagem: 144 - HC (30).jpg...
2025-07-02 10:11:51,708 [INFO]  -> Processed 144 - HC (30).jpg
2025-07-02 10:11:51,709 [INFO] Processando imagem: 145 - HC (30).jpg...
2025-07-02 10:11:52,008 [INFO]  -> Processed 145 - HC (30).jpg
2025-07-02 10:11:52,008 [INFO] Processando imagem: 146 - HC (30).jpg...
2025-07-02 10:11:52,273 [INFO]  -> Processed 146 - HC (30).jpg
2025-07-02 10:11:52,274 [INFO] Processando imagem: 148 - HC (30).jpg...
2025-07-02 10:11:52,531 [INFO]  -> Processed 148 - HC (30).jpg
2025-07-02 10:11:52,531 [INFO] Processando imagem: 149 - HC (30).jpg...
2025-07-02 10:11:52,802 [INFO]  -> Processed 149 - HC (30).jpg
2025-07-02 10:11:52,803 [INFO] Processando imagem: 150 - HC (30).jpg...
2025-07-02 10:11:53,060 [INFO]  -> Processed 150 - HC (30).jpg
2025-07-02 10:11:53,060 [INFO] Processando imagem: 151 - HC-CAISM (03).jpg...
2025-07-02 10:11:53,314 [INFO]  -> Processed 151 - HC-CAISM (03).jpg
2025-07-02 10:11:53,314 [INFO] Processando imagem: 152 - HC-CAISM (03).jpg...
2025-07-02 10:11:53,592 [INFO]  -> Processed 152 - HC-CAISM (03).jpg
2025-07-02 10:11:53,593 [INFO] Processando imagem: 153 - HC-CAISM (03).jpg...
2025-07-02 10:11:53,873 [INFO]  -> Processed 153 - HC-CAISM (03).jpg
2025-07-02 10:11:53,873 [INFO] Processando imagem: 156 - HC-CAISM (03).jpg...
2025-07-02 10:11:54,182 [INFO]  -> Processed 156 - HC-CAISM (03).jpg
2025-07-02 10:11:54,183 [INFO] Processando imagem: 157 - IB - Creche (20).jpg...
2025-07-02 10:11:54,494 [INFO]  -> Processed 157 - IB - Creche (20).jpg
2025-07-02 10:11:54,494 [INFO] Processando imagem: 159 - IB - Creche (20).jpg...
2025-07-02 10:11:54,791 [INFO]  -> Processed 159 - IB - Creche (20).jpg
2025-07-02 10:11:54,791 [INFO] Processando imagem: 160 - IB - Creche (20).jpg...
2025-07-02 10:11:55,090 [INFO]  -> Processed 160 - IB - Creche (20).jpg
2025-07-02 10:11:55,091 [INFO] Processando imagem: 162 - IG (33).jpg...
2025-07-02 10:11:55,392 [INFO]  -> Processed 162 - IG (33).jpg
2025-07-02 10:11:55,393 [INFO] Processando imagem: 163 - INOVA - Vértice.jpg...
2025-07-02 10:11:55,671 [INFO]  -> Processed 163 - INOVA - Vértice.jpg
2025-07-02 10:11:55,671 [INFO] Processando imagem: 165 - James Maxwell.jpg...
2025-07-02 10:11:55,944 [INFO]  -> Processed 165 - James Maxwell.jpg
2025-07-02 10:11:55,944 [INFO] Processando imagem: 166 - José Magalhães Teixeira.jpg...
2025-07-02 10:11:56,222 [INFO]  -> Processed 166 - José Magalhães Teixeira.jpg
2025-07-02 10:11:56,222 [INFO] Processando imagem: 167 - José Magalhães Teixeira.jpg...
2025-07-02 10:11:56,487 [INFO]  -> Processed 167 - José Magalhães Teixeira.jpg
2025-07-02 10:11:56,487 [INFO] Processando imagem: 170 - L PETRO (48).jpg...
2025-07-02 10:11:56,765 [INFO]  -> Processed 170 - L PETRO (48).jpg
2025-07-02 10:11:56,765 [INFO] Processando imagem: 171 - L PETRO (48).jpg...
2025-07-02 10:11:57,047 [INFO]  -> Processed 171 - L PETRO (48).jpg
2025-07-02 10:11:57,048 [INFO] Processando imagem: 172 - L PETRO (48).jpg...
2025-07-02 10:11:57,326 [INFO]  -> Processed 172 - L PETRO (48).jpg
2025-07-02 10:11:57,326 [INFO] Processando imagem: 173 - MUSEU (52).jpg...
2025-07-02 10:11:57,626 [INFO]  -> Processed 173 - MUSEU (52).jpg
2025-07-02 10:11:57,626 [INFO] Processando imagem: 174 - MUSEU (52).jpg...
2025-07-02 10:11:57,916 [INFO]  -> Processed 174 - MUSEU (52).jpg
2025-07-02 10:11:57,916 [INFO] Processando imagem: 175 - MUSEU (52).jpg...
2025-07-02 10:11:58,219 [INFO]  -> Processed 175 - MUSEU (52).jpg
2025-07-02 10:11:58,219 [INFO] Processando imagem: 176 - MUSEU (52).jpg...
2025-07-02 10:11:58,505 [INFO]  -> Processed 176 - MUSEU (52).jpg
2025-07-02 10:11:58,505 [INFO] Processando imagem: 177 - MUSEU (52).jpg...
2025-07-02 10:11:58,816 [INFO]  -> Processed 177 - MUSEU (52).jpg
2025-07-02 10:11:58,816 [INFO] Processando imagem: 178 - MUSEU (52).jpg...
2025-07-02 10:11:59,108 [INFO]  -> Processed 178 - MUSEU (52).jpg
2025-07-02 10:11:59,109 [INFO] Processando imagem: 179 - MUSEU (52).jpg...
2025-07-02 10:11:59,404 [INFO]  -> Processed 179 - MUSEU (52).jpg
2025-07-02 10:11:59,404 [INFO] Processando imagem: 180 - P. GASOL (49).jpg...
2025-07-02 10:11:59,702 [INFO]  -> Processed 180 - P. GASOL (49).jpg
2025-07-02 10:11:59,702 [INFO] Processando imagem: 182 - P. GASOL (49).jpg...
2025-07-02 10:11:59,988 [INFO]  -> Processed 182 - P. GASOL (49).jpg
2025-07-02 10:11:59,989 [INFO] Processando imagem: 183 - P. GASOL (49).jpg...
2025-07-02 10:12:00,282 [INFO]  -> Processed 183 - P. GASOL (49).jpg
2025-07-02 10:12:00,282 [INFO] Processando imagem: 186 - Praça Carlos D. Andrade.jpg...
2025-07-02 10:12:00,538 [INFO]  -> Processed 186 - Praça Carlos D. Andrade.jpg
2025-07-02 10:12:00,538 [INFO] Processando imagem: 187 - Praça Carlos D. Andrade.jpg...
2025-07-02 10:12:00,797 [INFO]  -> Processed 187 - Praça Carlos D. Andrade.jpg
2025-07-02 10:12:00,798 [INFO] Processando imagem: 188 - PRAÇA DA PAZ (37).jpg...
2025-07-02 10:12:01,118 [INFO]  -> Processed 188 - PRAÇA DA PAZ (37).jpg
2025-07-02 10:12:01,118 [INFO] Processando imagem: 189 - PRAÇA DA PAZ (37).jpg...
2025-07-02 10:12:01,423 [INFO]  -> Processed 189 - PRAÇA DA PAZ (37).jpg
2025-07-02 10:12:01,424 [INFO] Processando imagem: 191 - QDS. FCM (46).jpg...
2025-07-02 10:12:01,710 [INFO]  -> Processed 191 - QDS. FCM (46).jpg
2025-07-02 10:12:01,710 [INFO] Processando imagem: 192 - QDS. FCM (46).jpg...
2025-07-02 10:12:02,018 [INFO]  -> Processed 192 - QDS. FCM (46).jpg
2025-07-02 10:12:02,019 [INFO] Processando imagem: 194 - QDS. FCM (46).jpg...
2025-07-02 10:12:02,313 [INFO]  -> Processed 194 - QDS. FCM (46).jpg
2025-07-02 10:12:02,314 [INFO] Processando imagem: 196 - QDS. FCM (46).jpg...
2025-07-02 10:12:02,569 [INFO]  -> Processed 196 - QDS. FCM (46).jpg
2025-07-02 10:12:02,569 [INFO] Processando imagem: 197 - QDS. FCM (46).jpg...
2025-07-02 10:12:02,857 [INFO]  -> Processed 197 - QDS. FCM (46).jpg
2025-07-02 10:12:02,857 [INFO] Processando imagem: 198 - QDS. FCM (46).jpg...
2025-07-02 10:12:03,105 [INFO]  -> Processed 198 - QDS. FCM (46).jpg
2025-07-02 10:12:03,105 [INFO] Processando imagem: 199 - R. Roxo Moreira - Prefeitura.jpg...
2025-07-02 10:12:03,387 [INFO]  -> Processed 199 - R. Roxo Moreira - Prefeitura.jpg
2025-07-02 10:12:03,387 [INFO] Processando imagem: 200 - R. Roxo Moreira - Prefeitura.jpg...
2025-07-02 10:12:03,659 [INFO]  -> Processed 200 - R. Roxo Moreira - Prefeitura.jpg
2025-07-02 10:12:03,659 [INFO] Processando imagem: 201 - R. Roxo Moreira - Prefeitura.jpg...
2025-07-02 10:12:03,953 [INFO]  -> Processed 201 - R. Roxo Moreira - Prefeitura.jpg
2025-07-02 10:12:03,954 [INFO] Processando imagem: 203 - R. Walter August Hadler.jpg...
2025-07-02 10:12:04,214 [INFO]  -> Processed 203 - R. Walter August Hadler.jpg
2025-07-02 10:12:04,214 [INFO] Processando imagem: 204 - REITORIA (01).jpg...
2025-07-02 10:12:04,500 [INFO]  -> Processed 204 - REITORIA (01).jpg
2025-07-02 10:12:04,501 [INFO] Processando imagem: 206 - REITORIA (01).jpg...
2025-07-02 10:12:04,802 [INFO]  -> Processed 206 - REITORIA (01).jpg
2025-07-02 10:12:04,803 [INFO] Processando imagem: 207 - REITORIA (01).jpg...
2025-07-02 10:12:05,081 [INFO]  -> Processed 207 - REITORIA (01).jpg
2025-07-02 10:12:05,081 [INFO] Processando imagem: 210 - RS-IC (44).jpg...
2025-07-02 10:12:05,355 [INFO]  -> Processed 210 - RS-IC (44).jpg
2025-07-02 10:12:05,355 [INFO] Processando imagem: 221 - Rua dos Flamboyants.jpg...
2025-07-02 10:12:05,648 [INFO]  -> Processed 221 - Rua dos Flamboyants.jpg
2025-07-02 10:12:05,649 [INFO] Processando imagem: 222 - Rua dos Flamboyants.jpg...
2025-07-02 10:12:05,925 [INFO]  -> Processed 222 - Rua dos Flamboyants.jpg
2025-07-02 10:12:05,925 [INFO] Processando imagem: 224 - Rua dos Flamboyants.jpg...
2025-07-02 10:12:06,213 [INFO]  -> Processed 224 - Rua dos Flamboyants.jpg
2025-07-02 10:12:06,213 [INFO] Arquivo HTML gerado: C:\Users\327887\Documents\0000_RELATORIOS\0000_GERAL\250630\250630_Relatorio.html
2025-07-03 10:26:04,005 [INFO] Encontradas 1 imagens para processar em: C:\Users\327887\Pictures
2025-07-03 10:26:04,015 [INFO] Processando imagem: 001 - CEMIB-DMA (07).jpg...
2025-07-03 10:26:04,202 [INFO]  -> Processed 001 - CEMIB-DMA (07).jpg
2025-07-03 10:26:04,203 [INFO] Arquivo HTML gerado: C:\Users\327887\Pictures\250312_Relatorio.html
2025-07-03 10:26:53,678 [INFO] Encontradas 1 imagens para processar em: C:\Users\327887\Pictures
2025-07-03 10:26:53,691 [INFO] Processando imagem: 001 - CEMIB-DMA (07).jpg...
2025-07-03 10:26:53,875 [INFO]  -> Processed 001 - CEMIB-DMA (07).jpg
2025-07-03 10:26:53,876 [INFO] Arquivo HTML gerado: C:\Users\327887\Pictures\250312_Relatorio.html
2025-07-18 11:44:46,765 [INFO] Encontradas 14 imagens para processar em: C:\Users\327887\Documents\0000_RELATORIOS\0000_GERAL\FAZENDA_250718
2025-07-18 11:44:46,777 [INFO] Processando imagem: 002 - CBMEG (25).jpg...
2025-07-18 11:44:46,946 [INFO]  -> Processed 002 - CBMEG (25).jpg
2025-07-18 11:44:46,946 [INFO] Processando imagem: 003 - CBMEG (25).jpg...
2025-07-18 11:44:47,141 [INFO]  -> Processed 003 - CBMEG (25).jpg
2025-07-18 11:44:47,141 [INFO] Processando imagem: 004 - CBMEG (25).jpg...
2025-07-18 11:44:47,318 [INFO]  -> Processed 004 - CBMEG (25).jpg
2025-07-18 11:44:47,319 [INFO] Processando imagem: 005 - Desconhecida.jpg...
2025-07-18 11:44:47,487 [INFO]  -> Processed 005 - Desconhecida.jpg
2025-07-18 11:44:47,487 [INFO] Processando imagem: 006 - MUSEU (52).jpg...
2025-07-18 11:44:47,641 [INFO]  -> Processed 006 - MUSEU (52).jpg
2025-07-18 11:44:47,641 [INFO] Processando imagem: 008 - Radar CEPAGRI.jpg...
2025-07-18 11:44:47,821 [INFO]  -> Processed 008 - Radar CEPAGRI.jpg
2025-07-18 11:44:47,821 [INFO] Processando imagem: 009 - Radar CEPAGRI.jpg...
2025-07-18 11:44:47,993 [INFO]  -> Processed 009 - Radar CEPAGRI.jpg
2025-07-18 11:44:47,993 [INFO] Processando imagem: 010 - Radar CEPAGRI.jpg...
2025-07-18 11:44:48,155 [INFO]  -> Processed 010 - Radar CEPAGRI.jpg
2025-07-18 11:44:48,156 [INFO] Processando imagem: 011 - Radar CEPAGRI.jpg...
2025-07-18 11:44:48,416 [INFO]  -> Processed 011 - Radar CEPAGRI.jpg
2025-07-18 11:44:48,416 [INFO] Processando imagem: 012 - Radar CEPAGRI.jpg...
2025-07-18 11:44:48,567 [INFO]  -> Processed 012 - Radar CEPAGRI.jpg
2025-07-18 11:44:48,568 [INFO] Processando imagem: 014 - Radar CEPAGRI.jpg...
2025-07-18 11:44:48,748 [INFO]  -> Processed 014 - Radar CEPAGRI.jpg
2025-07-18 11:44:48,749 [INFO] Processando imagem: 018 - Radar CEPAGRI.jpg...
2025-07-18 11:44:48,924 [INFO]  -> Processed 018 - Radar CEPAGRI.jpg
2025-07-18 11:44:48,924 [INFO] Processando imagem: 019 - Radar CEPAGRI.jpg...
2025-07-18 11:44:49,083 [INFO]  -> Processed 019 - Radar CEPAGRI.jpg
2025-07-18 11:44:49,084 [INFO] Processando imagem: 021 - Radar CEPAGRI.jpg...
2025-07-18 11:44:49,253 [INFO]  -> Processed 021 - Radar CEPAGRI.jpg
2025-07-18 11:44:49,253 [INFO] Arquivo HTML gerado: C:\Users\327887\Documents\0000_RELATORIOS\0000_GERAL\FAZENDA_250718\250718_Relatorio.html
2025-07-18 11:45:19,946 [INFO] Encontradas 14 imagens para processar em: C:\Users\327887\Documents\0000_RELATORIOS\0000_GERAL\FAZENDA_250718
2025-07-18 11:45:19,958 [INFO] Processando imagem: 002 - CBMEG (25).jpg...
2025-07-18 11:45:20,237 [INFO]  -> Processed 002 - CBMEG (25).jpg
2025-07-18 11:45:20,237 [INFO] Processando imagem: 003 - CBMEG (25).jpg...
2025-07-18 11:45:20,547 [INFO]  -> Processed 003 - CBMEG (25).jpg
2025-07-18 11:45:20,547 [INFO] Processando imagem: 004 - CBMEG (25).jpg...
2025-07-18 11:45:20,844 [INFO]  -> Processed 004 - CBMEG (25).jpg
2025-07-18 11:45:20,844 [INFO] Processando imagem: 005 - Desconhecida.jpg...
2025-07-18 11:45:21,130 [INFO]  -> Processed 005 - Desconhecida.jpg
2025-07-18 11:45:21,131 [INFO] Processando imagem: 006 - MUSEU (52).jpg...
2025-07-18 11:45:21,395 [INFO]  -> Processed 006 - MUSEU (52).jpg
2025-07-18 11:45:21,395 [INFO] Processando imagem: 008 - Radar CEPAGRI.jpg...
2025-07-18 11:45:21,696 [INFO]  -> Processed 008 - Radar CEPAGRI.jpg
2025-07-18 11:45:21,696 [INFO] Processando imagem: 009 - Radar CEPAGRI.jpg...
2025-07-18 11:45:21,985 [INFO]  -> Processed 009 - Radar CEPAGRI.jpg
2025-07-18 11:45:21,985 [INFO] Processando imagem: 010 - Radar CEPAGRI.jpg...
2025-07-18 11:45:22,251 [INFO]  -> Processed 010 - Radar CEPAGRI.jpg
2025-07-18 11:45:22,252 [INFO] Processando imagem: 011 - Radar CEPAGRI.jpg...
2025-07-18 11:45:22,514 [INFO]  -> Processed 011 - Radar CEPAGRI.jpg
2025-07-18 11:45:22,515 [INFO] Processando imagem: 012 - Radar CEPAGRI.jpg...
2025-07-18 11:45:22,783 [INFO]  -> Processed 012 - Radar CEPAGRI.jpg
2025-07-18 11:45:22,783 [INFO] Processando imagem: 014 - Radar CEPAGRI.jpg...
2025-07-18 11:45:23,081 [INFO]  -> Processed 014 - Radar CEPAGRI.jpg
2025-07-18 11:45:23,082 [INFO] Processando imagem: 018 - Radar CEPAGRI.jpg...
2025-07-18 11:45:23,376 [INFO]  -> Processed 018 - Radar CEPAGRI.jpg
2025-07-18 11:45:23,376 [INFO] Processando imagem: 019 - Radar CEPAGRI.jpg...
2025-07-18 11:45:23,636 [INFO]  -> Processed 019 - Radar CEPAGRI.jpg
2025-07-18 11:45:23,636 [INFO] Processando imagem: 021 - Radar CEPAGRI.jpg...
2025-07-18 11:45:23,915 [INFO]  -> Processed 021 - Radar CEPAGRI.jpg
2025-07-18 11:45:23,916 [INFO] Arquivo HTML gerado: C:\Users\327887\Documents\0000_RELATORIOS\0000_GERAL\FAZENDA_250718\250718_Relatorio.html
2025-07-18 11:46:04,379 [INFO] Encontradas 14 imagens para processar em: C:\Users\327887\Documents\0000_RELATORIOS\0000_GERAL\FAZENDA_250718
2025-07-18 11:46:04,390 [INFO] Processando imagem: 002 - CBMEG (25).jpg...
2025-07-18 11:46:04,671 [INFO]  -> Processed 002 - CBMEG (25).jpg
2025-07-18 11:46:04,671 [INFO] Processando imagem: 003 - CBMEG (25).jpg...
2025-07-18 11:46:04,976 [INFO]  -> Processed 003 - CBMEG (25).jpg
2025-07-18 11:46:04,976 [INFO] Processando imagem: 004 - CBMEG (25).jpg...
2025-07-18 11:46:05,264 [INFO]  -> Processed 004 - CBMEG (25).jpg
2025-07-18 11:46:05,264 [INFO] Processando imagem: 005 - Desconhecida.jpg...
2025-07-18 11:46:05,540 [INFO]  -> Processed 005 - Desconhecida.jpg
2025-07-18 11:46:05,540 [INFO] Processando imagem: 006 - MUSEU (52).jpg...
2025-07-18 11:46:05,797 [INFO]  -> Processed 006 - MUSEU (52).jpg
2025-07-18 11:46:05,797 [INFO] Processando imagem: 008 - Radar CEPAGRI.jpg...
2025-07-18 11:46:06,087 [INFO]  -> Processed 008 - Radar CEPAGRI.jpg
2025-07-18 11:46:06,087 [INFO] Processando imagem: 009 - Radar CEPAGRI.jpg...
2025-07-18 11:46:06,371 [INFO]  -> Processed 009 - Radar CEPAGRI.jpg
2025-07-18 11:46:06,371 [INFO] Processando imagem: 010 - Radar CEPAGRI.jpg...
2025-07-18 11:46:06,629 [INFO]  -> Processed 010 - Radar CEPAGRI.jpg
2025-07-18 11:46:06,633 [INFO] Processando imagem: 011 - Radar CEPAGRI.jpg...
2025-07-18 11:46:06,890 [INFO]  -> Processed 011 - Radar CEPAGRI.jpg
2025-07-18 11:46:06,890 [INFO] Processando imagem: 012 - Radar CEPAGRI.jpg...
2025-07-18 11:46:07,144 [INFO]  -> Processed 012 - Radar CEPAGRI.jpg
2025-07-18 11:46:07,144 [INFO] Processando imagem: 014 - Radar CEPAGRI.jpg...
2025-07-18 11:46:07,434 [INFO]  -> Processed 014 - Radar CEPAGRI.jpg
2025-07-18 11:46:07,434 [INFO] Processando imagem: 018 - Radar CEPAGRI.jpg...
2025-07-18 11:46:07,723 [INFO]  -> Processed 018 - Radar CEPAGRI.jpg
2025-07-18 11:46:07,724 [INFO] Processando imagem: 019 - Radar CEPAGRI.jpg...
2025-07-18 11:46:07,984 [INFO]  -> Processed 019 - Radar CEPAGRI.jpg
2025-07-18 11:46:07,985 [INFO] Processando imagem: 021 - Radar CEPAGRI.jpg...
2025-07-18 11:46:08,258 [INFO]  -> Processed 021 - Radar CEPAGRI.jpg
2025-07-18 11:46:08,258 [INFO] Arquivo HTML gerado: C:\Users\327887\Documents\0000_RELATORIOS\0000_GERAL\FAZENDA_250718\250718_Relatorio.html
2025-07-22 13:47:58,864 [INFO] Encontradas 41 imagens para processar em: C:\Users\327887\Documents\0000_RELATORIOS\0000_GERAL\250722
2025-07-22 13:47:58,876 [INFO] Processando imagem: 001 - Av. Érico Veríssimo.jpg...
2025-07-22 13:47:59,057 [INFO]  -> Processed 001 - Av. Érico Veríssimo.jpg
2025-07-22 13:47:59,057 [INFO] Processando imagem: 002 - Av. Érico Veríssimo.jpg...
2025-07-22 13:47:59,234 [INFO]  -> Processed 002 - Av. Érico Veríssimo.jpg
2025-07-22 13:47:59,234 [INFO] Processando imagem: 003 - Av. Érico Veríssimo.jpg...
2025-07-22 13:47:59,416 [INFO]  -> Processed 003 - Av. Érico Veríssimo.jpg
2025-07-22 13:47:59,417 [INFO] Processando imagem: 004 - BCCL-GMU (17).jpg...
2025-07-22 13:47:59,591 [INFO]  -> Processed 004 - BCCL-GMU (17).jpg
2025-07-22 13:47:59,592 [INFO] Processando imagem: 005 - BCCL-GMU (17).jpg...
2025-07-22 13:47:59,789 [INFO]  -> Processed 005 - BCCL-GMU (17).jpg
2025-07-22 13:47:59,789 [INFO] Processando imagem: 006 - BCCL-GMU (17).jpg...
2025-07-22 13:47:59,967 [INFO]  -> Processed 006 - BCCL-GMU (17).jpg
2025-07-22 13:47:59,967 [INFO] Processando imagem: 009 - DCE (18).jpg...
2025-07-22 13:48:00,140 [INFO]  -> Processed 009 - DCE (18).jpg
2025-07-22 13:48:00,140 [INFO] Processando imagem: 010 - DCE (18).jpg...
2025-07-22 13:48:00,314 [INFO]  -> Processed 010 - DCE (18).jpg
2025-07-22 13:48:00,314 [INFO] Processando imagem: 011 - DCE (18).jpg...
2025-07-22 13:48:00,518 [INFO]  -> Processed 011 - DCE (18).jpg
2025-07-22 13:48:00,518 [INFO] Processando imagem: 012 - DCE (18).jpg...
2025-07-22 13:48:00,706 [INFO]  -> Processed 012 - DCE (18).jpg
2025-07-22 13:48:00,706 [INFO] Processando imagem: 015 - FEA (09).jpg...
2025-07-22 13:48:00,893 [INFO]  -> Processed 015 - FEA (09).jpg
2025-07-22 13:48:00,893 [INFO] Processando imagem: 016 - FEA (09).jpg...
2025-07-22 13:48:01,072 [INFO]  -> Processed 016 - FEA (09).jpg
2025-07-22 13:48:01,072 [INFO] Processando imagem: 017 - FEA (09).jpg...
2025-07-22 13:48:01,253 [INFO]  -> Processed 017 - FEA (09).jpg
2025-07-22 13:48:01,253 [INFO] Processando imagem: 018 - FEA (09).jpg...
2025-07-22 13:48:01,433 [INFO]  -> Processed 018 - FEA (09).jpg
2025-07-22 13:48:01,433 [INFO] Processando imagem: 019 - FEF (22).jpg...
2025-07-22 13:48:01,607 [INFO]  -> Processed 019 - FEF (22).jpg
2025-07-22 13:48:01,608 [INFO] Processando imagem: 020 - FEF (22).jpg...
2025-07-22 13:48:01,779 [INFO]  -> Processed 020 - FEF (22).jpg
2025-07-22 13:48:01,780 [INFO] Processando imagem: 021 - FEF (22).jpg...
2025-07-22 13:48:01,953 [INFO]  -> Processed 021 - FEF (22).jpg
2025-07-22 13:48:01,953 [INFO] Processando imagem: 022 - FEF (22).jpg...
2025-07-22 13:48:02,120 [INFO]  -> Processed 022 - FEF (22).jpg
2025-07-22 13:48:02,120 [INFO] Processando imagem: 023 - FEF (22).jpg...
2025-07-22 13:48:02,287 [INFO]  -> Processed 023 - FEF (22).jpg
2025-07-22 13:48:02,288 [INFO] Processando imagem: 024 - FEF (22).jpg...
2025-07-22 13:48:02,450 [INFO]  -> Processed 024 - FEF (22).jpg
2025-07-22 13:48:02,451 [INFO] Processando imagem: 025 - FEF (22).jpg...
2025-07-22 13:48:02,621 [INFO]  -> Processed 025 - FEF (22).jpg
2025-07-22 13:48:02,621 [INFO] Processando imagem: 026 - IB (19).jpg...
2025-07-22 13:48:02,800 [INFO]  -> Processed 026 - IB (19).jpg
2025-07-22 13:48:02,800 [INFO] Processando imagem: 027 - IB (19).jpg...
2025-07-22 13:48:02,985 [INFO]  -> Processed 027 - IB (19).jpg
2025-07-22 13:48:02,985 [INFO] Processando imagem: 028 - IB (19).jpg...
2025-07-22 13:48:03,158 [INFO]  -> Processed 028 - IB (19).jpg
2025-07-22 13:48:03,158 [INFO] Processando imagem: 029 - IB (19).jpg...
2025-07-22 13:48:03,341 [INFO]  -> Processed 029 - IB (19).jpg
2025-07-22 13:48:03,341 [INFO] Processando imagem: 030 - IB (19).jpg...
2025-07-22 13:48:03,514 [INFO]  -> Processed 030 - IB (19).jpg
2025-07-22 13:48:03,514 [INFO] Processando imagem: 031 - IB (19).jpg...
2025-07-22 13:48:03,682 [INFO]  -> Processed 031 - IB (19).jpg
2025-07-22 13:48:03,682 [INFO] Processando imagem: 032 - IB (19).jpg...
2025-07-22 13:48:03,854 [INFO]  -> Processed 032 - IB (19).jpg
2025-07-22 13:48:03,854 [INFO] Processando imagem: 033 - IB (19).jpg...
2025-07-22 13:48:04,027 [INFO]  -> Processed 033 - IB (19).jpg
2025-07-22 13:48:04,027 [INFO] Processando imagem: 037 - IG (33).jpg...
2025-07-22 13:48:04,213 [INFO]  -> Processed 037 - IG (33).jpg
2025-07-22 13:48:04,213 [INFO] Processando imagem: 038 - IG (33).jpg...
2025-07-22 13:48:04,400 [INFO]  -> Processed 038 - IG (33).jpg
2025-07-22 13:48:04,400 [INFO] Processando imagem: 039 - IQ (10).jpg...
2025-07-22 13:48:04,575 [INFO]  -> Processed 039 - IQ (10).jpg
2025-07-22 13:48:04,576 [INFO] Processando imagem: 040 - IQ (10).jpg...
2025-07-22 13:48:04,740 [INFO]  -> Processed 040 - IQ (10).jpg
2025-07-22 13:48:04,741 [INFO] Processando imagem: 041 - IQ (10).jpg...
2025-07-22 13:48:04,919 [INFO]  -> Processed 041 - IQ (10).jpg
2025-07-22 13:48:04,920 [INFO] Processando imagem: 042 - IQ (10).jpg...
2025-07-22 13:48:05,101 [INFO]  -> Processed 042 - IQ (10).jpg
2025-07-22 13:48:05,101 [INFO] Processando imagem: 043 - R. Roxo Moreira - Prefeitura.jpg...
2025-07-22 13:48:05,273 [INFO]  -> Processed 043 - R. Roxo Moreira - Prefeitura.jpg
2025-07-22 13:48:05,273 [INFO] Processando imagem: 044 - R. Roxo Moreira - Prefeitura.jpg...
2025-07-22 13:48:05,441 [INFO]  -> Processed 044 - R. Roxo Moreira - Prefeitura.jpg
2025-07-22 13:48:05,441 [INFO] Processando imagem: 045 - Roxo Moreira - Pça. Henfil.jpg...
2025-07-22 13:48:05,619 [INFO]  -> Processed 045 - Roxo Moreira - Pça. Henfil.jpg
2025-07-22 13:48:05,619 [INFO] Processando imagem: 046 - Roxo Moreira - Pça. Henfil.jpg...
2025-07-22 13:48:05,797 [INFO]  -> Processed 046 - Roxo Moreira - Pça. Henfil.jpg
2025-07-22 13:48:05,797 [INFO] Processando imagem: 047 - Roxo Moreira - Pça. Henfil.jpg...
2025-07-22 13:48:05,963 [INFO]  -> Processed 047 - Roxo Moreira - Pça. Henfil.jpg
2025-07-22 13:48:05,963 [INFO] Processando imagem: 048 - Roxo Moreira - Pça. Henfil.jpg...
2025-07-22 13:48:06,125 [INFO]  -> Processed 048 - Roxo Moreira - Pça. Henfil.jpg
2025-07-22 13:48:06,125 [INFO] Arquivo HTML gerado: C:\Users\327887\Documents\0000_RELATORIOS\0000_GERAL\250722\250722_Relatorio.html
2025-08-01 08:01:24,539 [INFO] Encontradas 79 imagens para processar em: C:\Users\327887\Documents\0000_RELATORIOS\0000_GERAL\250730
2025-08-01 08:01:24,550 [INFO] Processando imagem: 001 - CB I e II (21).jpg...
2025-08-01 08:01:24,735 [INFO]  -> Processed 001 - CB I e II (21).jpg
2025-08-01 08:01:24,735 [INFO] Processando imagem: 002 - CB I e II (21).jpg...
2025-08-01 08:01:24,917 [INFO]  -> Processed 002 - CB I e II (21).jpg
2025-08-01 08:01:24,917 [INFO] Processando imagem: 003 - CB I e II (21).jpg...
2025-08-01 08:01:25,093 [INFO]  -> Processed 003 - CB I e II (21).jpg
2025-08-01 08:01:25,093 [INFO] Processando imagem: 004 - CB I e II (21).jpg...
2025-08-01 08:01:25,286 [INFO]  -> Processed 004 - CB I e II (21).jpg
2025-08-01 08:01:25,286 [INFO] Processando imagem: 005 - CB I e II (21).jpg...
2025-08-01 08:01:25,478 [INFO]  -> Processed 005 - CB I e II (21).jpg
2025-08-01 08:01:25,478 [INFO] Processando imagem: 006 - CB I e II (21).jpg...
2025-08-01 08:01:25,675 [INFO]  -> Processed 006 - CB I e II (21).jpg
2025-08-01 08:01:25,675 [INFO] Processando imagem: 007 - CB I e II (21).jpg...
2025-08-01 08:01:25,869 [INFO]  -> Processed 007 - CB I e II (21).jpg
2025-08-01 08:01:25,870 [INFO] Processando imagem: 008 - CB I e II (21).jpg...
2025-08-01 08:01:26,065 [INFO]  -> Processed 008 - CB I e II (21).jpg
2025-08-01 08:01:26,065 [INFO] Processando imagem: 009 - CB I e II (21).jpg...
2025-08-01 08:01:26,260 [INFO]  -> Processed 009 - CB I e II (21).jpg
2025-08-01 08:01:26,260 [INFO] Processando imagem: 010 - CB I e II (21).jpg...
2025-08-01 08:01:26,453 [INFO]  -> Processed 010 - CB I e II (21).jpg
2025-08-01 08:01:26,453 [INFO] Processando imagem: 011 - CB I e II (21).jpg...
2025-08-01 08:01:26,616 [INFO]  -> Processed 011 - CB I e II (21).jpg
2025-08-01 08:01:26,616 [INFO] Processando imagem: 012 - CB I e II (21).jpg...
2025-08-01 08:01:26,790 [INFO]  -> Processed 012 - CB I e II (21).jpg
2025-08-01 08:01:26,790 [INFO] Processando imagem: 013 - CB I e II (21).jpg...
2025-08-01 08:01:26,984 [INFO]  -> Processed 013 - CB I e II (21).jpg
2025-08-01 08:01:26,984 [INFO] Processando imagem: 015 - CB I e II (21).jpg...
2025-08-01 08:01:27,175 [INFO]  -> Processed 015 - CB I e II (21).jpg
2025-08-01 08:01:27,176 [INFO] Processando imagem: 016 - CB I e II (21).jpg...
2025-08-01 08:01:27,320 [INFO]  -> Processed 016 - CB I e II (21).jpg
2025-08-01 08:01:27,321 [INFO] Processando imagem: 017 - CB I e II (21).jpg...
2025-08-01 08:01:27,501 [INFO]  -> Processed 017 - CB I e II (21).jpg
2025-08-01 08:01:27,501 [INFO] Processando imagem: 018 - CB I e II (21).jpg...
2025-08-01 08:01:27,699 [INFO]  -> Processed 018 - CB I e II (21).jpg
2025-08-01 08:01:27,699 [INFO] Processando imagem: 019 - CB I e II (21).jpg...
2025-08-01 08:01:27,854 [INFO]  -> Processed 019 - CB I e II (21).jpg
2025-08-01 08:01:27,854 [INFO] Processando imagem: 020 - CB I e II (21).jpg...
2025-08-01 08:01:28,012 [INFO]  -> Processed 020 - CB I e II (21).jpg
2025-08-01 08:01:28,013 [INFO] Processando imagem: 021 - CB I e II (21).jpg...
2025-08-01 08:01:28,177 [INFO]  -> Processed 021 - CB I e II (21).jpg
2025-08-01 08:01:28,177 [INFO] Processando imagem: 022 - CB I e II (21).jpg...
2025-08-01 08:01:28,352 [INFO]  -> Processed 022 - CB I e II (21).jpg
2025-08-01 08:01:28,352 [INFO] Processando imagem: 023 - CB I e II (21).jpg...
2025-08-01 08:01:28,524 [INFO]  -> Processed 023 - CB I e II (21).jpg
2025-08-01 08:01:28,525 [INFO] Processando imagem: 024 - CB I e II (21).jpg...
2025-08-01 08:01:28,693 [INFO]  -> Processed 024 - CB I e II (21).jpg
2025-08-01 08:01:28,694 [INFO] Processando imagem: 025 - CB I e II (21).jpg...
2025-08-01 08:01:28,858 [INFO]  -> Processed 025 - CB I e II (21).jpg
2025-08-01 08:01:28,859 [INFO] Processando imagem: 028 - CB I e II (21).jpg...
2025-08-01 08:01:29,054 [INFO]  -> Processed 028 - CB I e II (21).jpg
2025-08-01 08:01:29,054 [INFO] Processando imagem: 029 - CB I e II (21).jpg...
2025-08-01 08:01:29,251 [INFO]  -> Processed 029 - CB I e II (21).jpg
2025-08-01 08:01:29,252 [INFO] Processando imagem: 030 - CB I e II (21).jpg...
2025-08-01 08:01:29,435 [INFO]  -> Processed 030 - CB I e II (21).jpg
2025-08-01 08:01:29,443 [INFO] Processando imagem: 031 - CB I e II (21).jpg...
2025-08-01 08:01:29,634 [INFO]  -> Processed 031 - CB I e II (21).jpg
2025-08-01 08:01:29,634 [INFO] Processando imagem: 032 - CB I e II (21).jpg...
2025-08-01 08:01:29,838 [INFO]  -> Processed 032 - CB I e II (21).jpg
2025-08-01 08:01:29,838 [INFO] Processando imagem: 033 - CB I e II (21).jpg...
2025-08-01 08:01:30,039 [INFO]  -> Processed 033 - CB I e II (21).jpg
2025-08-01 08:01:30,040 [INFO] Processando imagem: 034 - CB I e II (21).jpg...
2025-08-01 08:01:30,220 [INFO]  -> Processed 034 - CB I e II (21).jpg
2025-08-01 08:01:30,220 [INFO] Processando imagem: 035 - CB I e II (21).jpg...
2025-08-01 08:01:30,419 [INFO]  -> Processed 035 - CB I e II (21).jpg
2025-08-01 08:01:30,420 [INFO] Processando imagem: 036 - CB I e II (21).jpg...
2025-08-01 08:01:30,603 [INFO]  -> Processed 036 - CB I e II (21).jpg
2025-08-01 08:01:30,604 [INFO] Processando imagem: 037 - CB I e II (21).jpg...
2025-08-01 08:01:30,795 [INFO]  -> Processed 037 - CB I e II (21).jpg
2025-08-01 08:01:30,796 [INFO] Processando imagem: 038 - CB I e II (21).jpg...
2025-08-01 08:01:30,989 [INFO]  -> Processed 038 - CB I e II (21).jpg
2025-08-01 08:01:30,989 [INFO] Processando imagem: 039 - CB I e II (21).jpg...
2025-08-01 08:01:31,173 [INFO]  -> Processed 039 - CB I e II (21).jpg
2025-08-01 08:01:31,173 [INFO] Processando imagem: 040 - CB I e II (21).jpg...
2025-08-01 08:01:31,337 [INFO]  -> Processed 040 - CB I e II (21).jpg
2025-08-01 08:01:31,337 [INFO] Processando imagem: 041 - CB I e II (21).jpg...
2025-08-01 08:01:31,507 [INFO]  -> Processed 041 - CB I e II (21).jpg
2025-08-01 08:01:31,508 [INFO] Processando imagem: 042 - CB I e II (21).jpg...
2025-08-01 08:01:31,682 [INFO]  -> Processed 042 - CB I e II (21).jpg
2025-08-01 08:01:31,683 [INFO] Processando imagem: 043 - CB I e II (21).jpg...
2025-08-01 08:01:31,827 [INFO]  -> Processed 043 - CB I e II (21).jpg
2025-08-01 08:01:31,828 [INFO] Processando imagem: 044 - CB I e II (21).jpg...
2025-08-01 08:01:31,989 [INFO]  -> Processed 044 - CB I e II (21).jpg
2025-08-01 08:01:31,990 [INFO] Processando imagem: 045 - CB I e II (21).jpg...
2025-08-01 08:01:32,171 [INFO]  -> Processed 045 - CB I e II (21).jpg
2025-08-01 08:01:32,171 [INFO] Processando imagem: 046 - CB I e II (21).jpg...
2025-08-01 08:01:32,355 [INFO]  -> Processed 046 - CB I e II (21).jpg
2025-08-01 08:01:32,355 [INFO] Processando imagem: 047 - CB I e II (21).jpg...
2025-08-01 08:01:32,519 [INFO]  -> Processed 047 - CB I e II (21).jpg
2025-08-01 08:01:32,519 [INFO] Processando imagem: 048 - CB I e II (21).jpg...
2025-08-01 08:01:32,697 [INFO]  -> Processed 048 - CB I e II (21).jpg
2025-08-01 08:01:32,697 [INFO] Processando imagem: 049 - CB I e II (21).jpg...
2025-08-01 08:01:32,893 [INFO]  -> Processed 049 - CB I e II (21).jpg
2025-08-01 08:01:32,894 [INFO] Processando imagem: 050 - CB I e II (21).jpg...
2025-08-01 08:01:33,080 [INFO]  -> Processed 050 - CB I e II (21).jpg
2025-08-01 08:01:33,081 [INFO] Processando imagem: 051 - CB I e II (21).jpg...
2025-08-01 08:01:33,273 [INFO]  -> Processed 051 - CB I e II (21).jpg
2025-08-01 08:01:33,273 [INFO] Processando imagem: 052 - CB I e II (21).jpg...
2025-08-01 08:01:33,460 [INFO]  -> Processed 052 - CB I e II (21).jpg
2025-08-01 08:01:33,460 [INFO] Processando imagem: 053 - CB I e II (21).jpg...
2025-08-01 08:01:33,642 [INFO]  -> Processed 053 - CB I e II (21).jpg
2025-08-01 08:01:33,642 [INFO] Processando imagem: 054 - CB I e II (21).jpg...
2025-08-01 08:01:33,816 [INFO]  -> Processed 054 - CB I e II (21).jpg
2025-08-01 08:01:33,817 [INFO] Processando imagem: 055 - CB I e II (21).jpg...
2025-08-01 08:01:33,994 [INFO]  -> Processed 055 - CB I e II (21).jpg
2025-08-01 08:01:33,995 [INFO] Processando imagem: 056 - CB I e II (21).jpg...
2025-08-01 08:01:34,176 [INFO]  -> Processed 056 - CB I e II (21).jpg
2025-08-01 08:01:34,177 [INFO] Processando imagem: 057 - CB I e II (21).jpg...
2025-08-01 08:01:34,357 [INFO]  -> Processed 057 - CB I e II (21).jpg
2025-08-01 08:01:34,357 [INFO] Processando imagem: 058 - CB I e II (21).jpg...
2025-08-01 08:01:34,520 [INFO]  -> Processed 058 - CB I e II (21).jpg
2025-08-01 08:01:34,520 [INFO] Processando imagem: 059 - CB I e II (21).jpg...
2025-08-01 08:01:34,688 [INFO]  -> Processed 059 - CB I e II (21).jpg
2025-08-01 08:01:34,691 [INFO] Processando imagem: 060 - CB I e II (21).jpg...
2025-08-01 08:01:34,861 [INFO]  -> Processed 060 - CB I e II (21).jpg
2025-08-01 08:01:34,861 [INFO] Processando imagem: 061 - CB I e II (21).jpg...
2025-08-01 08:01:35,038 [INFO]  -> Processed 061 - CB I e II (21).jpg
2025-08-01 08:01:35,039 [INFO] Processando imagem: 062 - José Magalhães Teixeira.jpg...
2025-08-01 08:01:35,218 [INFO]  -> Processed 062 - José Magalhães Teixeira.jpg
2025-08-01 08:01:35,218 [INFO] Processando imagem: 063 - QDS. FCM (46).jpg...
2025-08-01 08:01:35,384 [INFO]  -> Processed 063 - QDS. FCM (46).jpg
2025-08-01 08:01:35,385 [INFO] Processando imagem: 064 - QDS. FCM (46).jpg...
2025-08-01 08:01:35,564 [INFO]  -> Processed 064 - QDS. FCM (46).jpg
2025-08-01 08:01:35,565 [INFO] Processando imagem: 065 - QDS. FCM (46).jpg...
2025-08-01 08:01:35,745 [INFO]  -> Processed 065 - QDS. FCM (46).jpg
2025-08-01 08:01:35,745 [INFO] Processando imagem: 066 - QDS. FCM (46).jpg...
2025-08-01 08:01:35,919 [INFO]  -> Processed 066 - QDS. FCM (46).jpg
2025-08-01 08:01:35,919 [INFO] Processando imagem: 067 - QDS. FCM (46).jpg...
2025-08-01 08:01:36,118 [INFO]  -> Processed 067 - QDS. FCM (46).jpg
2025-08-01 08:01:36,118 [INFO] Processando imagem: 068 - QDS. FCM (46).jpg...
2025-08-01 08:01:36,319 [INFO]  -> Processed 068 - QDS. FCM (46).jpg
2025-08-01 08:01:36,319 [INFO] Processando imagem: 069 - QDS. FCM (46).jpg...
2025-08-01 08:01:36,519 [INFO]  -> Processed 069 - QDS. FCM (46).jpg
2025-08-01 08:01:36,519 [INFO] Processando imagem: 070 - QDS. FCM (46).jpg...
2025-08-01 08:01:36,710 [INFO]  -> Processed 070 - QDS. FCM (46).jpg
2025-08-01 08:01:36,711 [INFO] Processando imagem: 071 - QDS. FCM (46).jpg...
2025-08-01 08:01:36,901 [INFO]  -> Processed 071 - QDS. FCM (46).jpg
2025-08-01 08:01:36,902 [INFO] Processando imagem: 072 - QDS. FCM (46).jpg...
2025-08-01 08:01:37,100 [INFO]  -> Processed 072 - QDS. FCM (46).jpg
2025-08-01 08:01:37,101 [INFO] Processando imagem: 073 - QDS. FCM (46).jpg...
2025-08-01 08:01:37,297 [INFO]  -> Processed 073 - QDS. FCM (46).jpg
2025-08-01 08:01:37,297 [INFO] Processando imagem: 074 - QDS. FCM (46).jpg...
2025-08-01 08:01:37,499 [INFO]  -> Processed 074 - QDS. FCM (46).jpg
2025-08-01 08:01:37,500 [INFO] Processando imagem: 075 - QDS. FCM (46).jpg...
2025-08-01 08:01:37,699 [INFO]  -> Processed 075 - QDS. FCM (46).jpg
2025-08-01 08:01:37,700 [INFO] Processando imagem: 076 - QDS. FCM (46).jpg...
2025-08-01 08:01:37,867 [INFO]  -> Processed 076 - QDS. FCM (46).jpg
2025-08-01 08:01:37,868 [INFO] Processando imagem: 077 - QDS. FCM (46).jpg...
2025-08-01 08:01:38,049 [INFO]  -> Processed 077 - QDS. FCM (46).jpg
2025-08-01 08:01:38,049 [INFO] Processando imagem: 078 - QDS. FCM (46).jpg...
2025-08-01 08:01:38,234 [INFO]  -> Processed 078 - QDS. FCM (46).jpg
2025-08-01 08:01:38,234 [INFO] Processando imagem: 079 - QDS. FCM (46).jpg...
2025-08-01 08:01:38,411 [INFO]  -> Processed 079 - QDS. FCM (46).jpg
2025-08-01 08:01:38,411 [INFO] Processando imagem: 080 - QDS. FCM (46).jpg...
2025-08-01 08:01:38,562 [INFO]  -> Processed 080 - QDS. FCM (46).jpg
2025-08-01 08:01:38,562 [INFO] Processando imagem: 081 - QDS. FCM (46).jpg...
2025-08-01 08:01:38,765 [INFO]  -> Processed 081 - QDS. FCM (46).jpg
2025-08-01 08:01:38,765 [INFO] Processando imagem: 082 - QDS. FCM (46).jpg...
2025-08-01 08:01:38,952 [INFO]  -> Processed 082 - QDS. FCM (46).jpg
2025-08-01 08:01:38,953 [INFO] Arquivo HTML gerado: C:\Users\327887\Documents\0000_RELATORIOS\0000_GERAL\250730\250830_Relatorio.html
2025-08-08 15:07:31,093 [INFO] Encontradas 106 imagens para processar em: C:\Users\327887\Documents\0000_RELATORIOS\0000_GERAL\250808
2025-08-08 15:07:31,104 [INFO] Processando imagem: 004 - CEL (32).jpg...
2025-08-08 15:07:31,301 [INFO]  -> Processed 004 - CEL (32).jpg
2025-08-08 15:07:31,301 [INFO] Processando imagem: 007 - CEL (32).jpg...
2025-08-08 15:07:31,490 [INFO]  -> Processed 007 - CEL (32).jpg
2025-08-08 15:07:31,490 [INFO] Processando imagem: 008 - CEL (32).jpg...
2025-08-08 15:07:31,671 [INFO]  -> Processed 008 - CEL (32).jpg
2025-08-08 15:07:31,671 [INFO] Processando imagem: 009 - CEL (32).jpg...
2025-08-08 15:07:31,884 [INFO]  -> Processed 009 - CEL (32).jpg
2025-08-08 15:07:31,884 [INFO] Processando imagem: 010 - CEL (32).jpg...
2025-08-08 15:07:32,092 [INFO]  -> Processed 010 - CEL (32).jpg
2025-08-08 15:07:32,092 [INFO] Processando imagem: 011 - CEL (32).jpg...
2025-08-08 15:07:32,287 [INFO]  -> Processed 011 - CEL (32).jpg
2025-08-08 15:07:32,288 [INFO] Processando imagem: 012 - CEL (32).jpg...
2025-08-08 15:07:32,490 [INFO]  -> Processed 012 - CEL (32).jpg
2025-08-08 15:07:32,490 [INFO] Processando imagem: 013 - CEL (32).jpg...
2025-08-08 15:07:32,658 [INFO]  -> Processed 013 - CEL (32).jpg
2025-08-08 15:07:32,658 [INFO] Processando imagem: 014 - CEL (32).jpg...
2025-08-08 15:07:32,818 [INFO]  -> Processed 014 - CEL (32).jpg
2025-08-08 15:07:32,819 [INFO] Processando imagem: 015 - CEL (32).jpg...
2025-08-08 15:07:32,983 [INFO]  -> Processed 015 - CEL (32).jpg
2025-08-08 15:07:32,984 [INFO] Processando imagem: 016 - CEL (32).jpg...
2025-08-08 15:07:33,161 [INFO]  -> Processed 016 - CEL (32).jpg
2025-08-08 15:07:33,162 [INFO] Processando imagem: 017 - CEL (32).jpg...
2025-08-08 15:07:33,319 [INFO]  -> Processed 017 - CEL (32).jpg
2025-08-08 15:07:33,319 [INFO] Processando imagem: 018 - CEL (32).jpg...
2025-08-08 15:07:33,490 [INFO]  -> Processed 018 - CEL (32).jpg
2025-08-08 15:07:33,490 [INFO] Processando imagem: 019 - CEL (32).jpg...
2025-08-08 15:07:33,649 [INFO]  -> Processed 019 - CEL (32).jpg
2025-08-08 15:07:33,649 [INFO] Processando imagem: 020 - CEL (32).jpg...
2025-08-08 15:07:33,849 [INFO]  -> Processed 020 - CEL (32).jpg
2025-08-08 15:07:33,849 [INFO] Processando imagem: 021 - CEL (32).jpg...
2025-08-08 15:07:34,016 [INFO]  -> Processed 021 - CEL (32).jpg
2025-08-08 15:07:34,017 [INFO] Processando imagem: 022 - FEA (09).jpg...
2025-08-08 15:07:34,194 [INFO]  -> Processed 022 - FEA (09).jpg
2025-08-08 15:07:34,194 [INFO] Processando imagem: 023 - FEA (09).jpg...
2025-08-08 15:07:34,385 [INFO]  -> Processed 023 - FEA (09).jpg
2025-08-08 15:07:34,386 [INFO] Processando imagem: 024 - FEA (09).jpg...
2025-08-08 15:07:34,552 [INFO]  -> Processed 024 - FEA (09).jpg
2025-08-08 15:07:34,552 [INFO] Processando imagem: 025 - FEA (09).jpg...
2025-08-08 15:07:34,729 [INFO]  -> Processed 025 - FEA (09).jpg
2025-08-08 15:07:34,730 [INFO] Processando imagem: 026 - FEA (09).jpg...
2025-08-08 15:07:34,902 [INFO]  -> Processed 026 - FEA (09).jpg
2025-08-08 15:07:34,902 [INFO] Processando imagem: 027 - FEA (09).jpg...
2025-08-08 15:07:35,085 [INFO]  -> Processed 027 - FEA (09).jpg
2025-08-08 15:07:35,085 [INFO] Processando imagem: 028 - FEA (09).jpg...
2025-08-08 15:07:35,276 [INFO]  -> Processed 028 - FEA (09).jpg
2025-08-08 15:07:35,276 [INFO] Processando imagem: 029 - FEA (09).jpg...
2025-08-08 15:07:35,462 [INFO]  -> Processed 029 - FEA (09).jpg
2025-08-08 15:07:35,462 [INFO] Processando imagem: 030 - FEA (09).jpg...
2025-08-08 15:07:35,639 [INFO]  -> Processed 030 - FEA (09).jpg
2025-08-08 15:07:35,640 [INFO] Processando imagem: 031 - FEA (09).jpg...
2025-08-08 15:07:35,815 [INFO]  -> Processed 031 - FEA (09).jpg
2025-08-08 15:07:35,816 [INFO] Processando imagem: 032 - FEA (09).jpg...
2025-08-08 15:07:35,966 [INFO]  -> Processed 032 - FEA (09).jpg
2025-08-08 15:07:35,967 [INFO] Processando imagem: 033 - FEA (09).jpg...
2025-08-08 15:07:36,112 [INFO]  -> Processed 033 - FEA (09).jpg
2025-08-08 15:07:36,112 [INFO] Processando imagem: 034 - FEA (09).jpg...
2025-08-08 15:07:36,265 [INFO]  -> Processed 034 - FEA (09).jpg
2025-08-08 15:07:36,266 [INFO] Processando imagem: 035 - FEA (09).jpg...
2025-08-08 15:07:36,434 [INFO]  -> Processed 035 - FEA (09).jpg
2025-08-08 15:07:36,434 [INFO] Processando imagem: 036 - FEA (09).jpg...
2025-08-08 15:07:36,622 [INFO]  -> Processed 036 - FEA (09).jpg
2025-08-08 15:07:36,622 [INFO] Processando imagem: 037 - FEA (09).jpg...
2025-08-08 15:07:36,814 [INFO]  -> Processed 037 - FEA (09).jpg
2025-08-08 15:07:36,814 [INFO] Processando imagem: 038 - FEA (09).jpg...
2025-08-08 15:07:37,006 [INFO]  -> Processed 038 - FEA (09).jpg
2025-08-08 15:07:37,006 [INFO] Processando imagem: 040 - FEA (09).jpg...
2025-08-08 15:07:37,187 [INFO]  -> Processed 040 - FEA (09).jpg
2025-08-08 15:07:37,187 [INFO] Processando imagem: 041 - FEA (09).jpg...
2025-08-08 15:07:37,360 [INFO]  -> Processed 041 - FEA (09).jpg
2025-08-08 15:07:37,360 [INFO] Processando imagem: 048 - FEA (09).jpg...
2025-08-08 15:07:37,536 [INFO]  -> Processed 048 - FEA (09).jpg
2025-08-08 15:07:37,536 [INFO] Processando imagem: 049 - FEA (09).jpg...
2025-08-08 15:07:37,720 [INFO]  -> Processed 049 - FEA (09).jpg
2025-08-08 15:07:37,721 [INFO] Processando imagem: 050 - IE-IC (24).jpg...
2025-08-08 15:07:37,909 [INFO]  -> Processed 050 - IE-IC (24).jpg
2025-08-08 15:07:37,910 [INFO] Processando imagem: 051 - IE-IC (24).jpg...
2025-08-08 15:07:38,075 [INFO]  -> Processed 051 - IE-IC (24).jpg
2025-08-08 15:07:38,076 [INFO] Processando imagem: 052 - IE-IC (24).jpg...
2025-08-08 15:07:38,268 [INFO]  -> Processed 052 - IE-IC (24).jpg
2025-08-08 15:07:38,268 [INFO] Processando imagem: 053 - IE-IC (24).jpg...
2025-08-08 15:07:38,462 [INFO]  -> Processed 053 - IE-IC (24).jpg
2025-08-08 15:07:38,463 [INFO] Processando imagem: 054 - IE-IC (24).jpg...
2025-08-08 15:07:38,653 [INFO]  -> Processed 054 - IE-IC (24).jpg
2025-08-08 15:07:38,653 [INFO] Processando imagem: 055 - IE-IC (24).jpg...
2025-08-08 15:07:38,846 [INFO]  -> Processed 055 - IE-IC (24).jpg
2025-08-08 15:07:38,846 [INFO] Processando imagem: 056 - IE-IC (24).jpg...
2025-08-08 15:07:39,031 [INFO]  -> Processed 056 - IE-IC (24).jpg
2025-08-08 15:07:39,031 [INFO] Processando imagem: 057 - IE-IC (24).jpg...
2025-08-08 15:07:39,221 [INFO]  -> Processed 057 - IE-IC (24).jpg
2025-08-08 15:07:39,222 [INFO] Processando imagem: 058 - IE-IC (24).jpg...
2025-08-08 15:07:39,415 [INFO]  -> Processed 058 - IE-IC (24).jpg
2025-08-08 15:07:39,415 [INFO] Processando imagem: 059 - IE-IC (24).jpg...
2025-08-08 15:07:39,575 [INFO]  -> Processed 059 - IE-IC (24).jpg
2025-08-08 15:07:39,575 [INFO] Processando imagem: 060 - IE-IC (24).jpg...
2025-08-08 15:07:39,737 [INFO]  -> Processed 060 - IE-IC (24).jpg
2025-08-08 15:07:39,737 [INFO] Processando imagem: 061 - IE-IC (24).jpg...
2025-08-08 15:07:39,908 [INFO]  -> Processed 061 - IE-IC (24).jpg
2025-08-08 15:07:39,908 [INFO] Processando imagem: 063 - IE-IC (24).jpg...
2025-08-08 15:07:40,062 [INFO]  -> Processed 063 - IE-IC (24).jpg
2025-08-08 15:07:40,062 [INFO] Processando imagem: 064 - IE-IC (24).jpg...
2025-08-08 15:07:40,252 [INFO]  -> Processed 064 - IE-IC (24).jpg
2025-08-08 15:07:40,252 [INFO] Processando imagem: 065 - IE-IC (24).jpg...
2025-08-08 15:07:40,447 [INFO]  -> Processed 065 - IE-IC (24).jpg
2025-08-08 15:07:40,448 [INFO] Processando imagem: 066 - IE-IC (24).jpg...
2025-08-08 15:07:40,603 [INFO]  -> Processed 066 - IE-IC (24).jpg
2025-08-08 15:07:40,603 [INFO] Processando imagem: 067 - IE-IC (24).jpg...
2025-08-08 15:07:40,768 [INFO]  -> Processed 067 - IE-IC (24).jpg
2025-08-08 15:07:40,768 [INFO] Processando imagem: 068 - IE-IC (24).jpg...
2025-08-08 15:07:40,964 [INFO]  -> Processed 068 - IE-IC (24).jpg
2025-08-08 15:07:40,965 [INFO] Processando imagem: 069 - IE-IC (24).jpg...
2025-08-08 15:07:41,153 [INFO]  -> Processed 069 - IE-IC (24).jpg
2025-08-08 15:07:41,153 [INFO] Processando imagem: 070 - IE-IC (24).jpg...
2025-08-08 15:07:41,333 [INFO]  -> Processed 070 - IE-IC (24).jpg
2025-08-08 15:07:41,334 [INFO] Processando imagem: 071 - IE-IC (24).jpg...
2025-08-08 15:07:41,521 [INFO]  -> Processed 071 - IE-IC (24).jpg
2025-08-08 15:07:41,522 [INFO] Processando imagem: 072 - IE-IC (24).jpg...
2025-08-08 15:07:41,713 [INFO]  -> Processed 072 - IE-IC (24).jpg
2025-08-08 15:07:41,713 [INFO] Processando imagem: 073 - IE-IC (24).jpg...
2025-08-08 15:07:41,870 [INFO]  -> Processed 073 - IE-IC (24).jpg
2025-08-08 15:07:41,870 [INFO] Processando imagem: 074 - IE-IC (24).jpg...
2025-08-08 15:07:42,039 [INFO]  -> Processed 074 - IE-IC (24).jpg
2025-08-08 15:07:42,039 [INFO] Processando imagem: 075 - IE-IC (24).jpg...
2025-08-08 15:07:42,203 [INFO]  -> Processed 075 - IE-IC (24).jpg
2025-08-08 15:07:42,203 [INFO] Processando imagem: 076 - IE-IC (24).jpg...
2025-08-08 15:07:42,388 [INFO]  -> Processed 076 - IE-IC (24).jpg
2025-08-08 15:07:42,388 [INFO] Processando imagem: 077 - IE-IC (24).jpg...
2025-08-08 15:07:42,570 [INFO]  -> Processed 077 - IE-IC (24).jpg
2025-08-08 15:07:42,570 [INFO] Processando imagem: 078 - IE-IC (24).jpg...
2025-08-08 15:07:42,761 [INFO]  -> Processed 078 - IE-IC (24).jpg
2025-08-08 15:07:42,761 [INFO] Processando imagem: 079 - IE-IC (24).jpg...
2025-08-08 15:07:42,945 [INFO]  -> Processed 079 - IE-IC (24).jpg
2025-08-08 15:07:42,945 [INFO] Processando imagem: 080 - IE-IC (24).jpg...
2025-08-08 15:07:43,135 [INFO]  -> Processed 080 - IE-IC (24).jpg
2025-08-08 15:07:43,136 [INFO] Processando imagem: 081 - IE-IC (24).jpg...
2025-08-08 15:07:43,306 [INFO]  -> Processed 081 - IE-IC (24).jpg
2025-08-08 15:07:43,307 [INFO] Processando imagem: 082 - IE-IC (24).jpg...
2025-08-08 15:07:43,490 [INFO]  -> Processed 082 - IE-IC (24).jpg
2025-08-08 15:07:43,490 [INFO] Processando imagem: 083 - IE-IC (24).jpg...
2025-08-08 15:07:43,677 [INFO]  -> Processed 083 - IE-IC (24).jpg
2025-08-08 15:07:43,677 [INFO] Processando imagem: 084 - IE-IC (24).jpg...
2025-08-08 15:07:43,843 [INFO]  -> Processed 084 - IE-IC (24).jpg
2025-08-08 15:07:43,844 [INFO] Processando imagem: 085 - IE-IC (24).jpg...
2025-08-08 15:07:44,009 [INFO]  -> Processed 085 - IE-IC (24).jpg
2025-08-08 15:07:44,009 [INFO] Processando imagem: 086 - IE-IC (24).jpg...
2025-08-08 15:07:44,169 [INFO]  -> Processed 086 - IE-IC (24).jpg
2025-08-08 15:07:44,169 [INFO] Processando imagem: 087 - IE-IC (24).jpg...
2025-08-08 15:07:44,323 [INFO]  -> Processed 087 - IE-IC (24).jpg
2025-08-08 15:07:44,324 [INFO] Processando imagem: 088 - IE-IC (24).jpg...
2025-08-08 15:07:44,497 [INFO]  -> Processed 088 - IE-IC (24).jpg
2025-08-08 15:07:44,498 [INFO] Processando imagem: 089 - IE-IC (24).jpg...
2025-08-08 15:07:44,656 [INFO]  -> Processed 089 - IE-IC (24).jpg
2025-08-08 15:07:44,656 [INFO] Processando imagem: 090 - IE-IC (24).jpg...
2025-08-08 15:07:44,842 [INFO]  -> Processed 090 - IE-IC (24).jpg
2025-08-08 15:07:44,842 [INFO] Processando imagem: 091 - IE-IC (24).jpg...
2025-08-08 15:07:45,020 [INFO]  -> Processed 091 - IE-IC (24).jpg
2025-08-08 15:07:45,021 [INFO] Processando imagem: 092 - IE-IC (24).jpg...
2025-08-08 15:07:45,217 [INFO]  -> Processed 092 - IE-IC (24).jpg
2025-08-08 15:07:45,217 [INFO] Processando imagem: 093 - IE-IC (24).jpg...
2025-08-08 15:07:45,402 [INFO]  -> Processed 093 - IE-IC (24).jpg
2025-08-08 15:07:45,402 [INFO] Processando imagem: 094 - IE-IC (24).jpg...
2025-08-08 15:07:45,552 [INFO]  -> Processed 094 - IE-IC (24).jpg
2025-08-08 15:07:45,553 [INFO] Processando imagem: 095 - IE-IC (24).jpg...
2025-08-08 15:07:45,735 [INFO]  -> Processed 095 - IE-IC (24).jpg
2025-08-08 15:07:45,736 [INFO] Processando imagem: 096 - IE-IC (24).jpg...
2025-08-08 15:07:45,892 [INFO]  -> Processed 096 - IE-IC (24).jpg
2025-08-08 15:07:45,893 [INFO] Processando imagem: 097 - IE-IC (24).jpg...
2025-08-08 15:07:46,068 [INFO]  -> Processed 097 - IE-IC (24).jpg
2025-08-08 15:07:46,068 [INFO] Processando imagem: 098 - IE-IC (24).jpg...
2025-08-08 15:07:46,268 [INFO]  -> Processed 098 - IE-IC (24).jpg
2025-08-08 15:07:46,269 [INFO] Processando imagem: 099 - IE-IC (24).jpg...
2025-08-08 15:07:46,450 [INFO]  -> Processed 099 - IE-IC (24).jpg
2025-08-08 15:07:46,450 [INFO] Processando imagem: 100 - IE-IC (24).jpg...
2025-08-08 15:07:46,618 [INFO]  -> Processed 100 - IE-IC (24).jpg
2025-08-08 15:07:46,618 [INFO] Processando imagem: 101 - IE-IC (24).jpg...
2025-08-08 15:07:46,816 [INFO]  -> Processed 101 - IE-IC (24).jpg
2025-08-08 15:07:46,816 [INFO] Processando imagem: 102 - IE-IC (24).jpg...
2025-08-08 15:07:46,980 [INFO]  -> Processed 102 - IE-IC (24).jpg
2025-08-08 15:07:46,980 [INFO] Processando imagem: 103 - IE-IC (24).jpg...
2025-08-08 15:07:47,146 [INFO]  -> Processed 103 - IE-IC (24).jpg
2025-08-08 15:07:47,146 [INFO] Processando imagem: 104 - IE-IC (24).jpg...
2025-08-08 15:07:47,304 [INFO]  -> Processed 104 - IE-IC (24).jpg
2025-08-08 15:07:47,304 [INFO] Processando imagem: 105 - IE-IC (24).jpg...
2025-08-08 15:07:47,467 [INFO]  -> Processed 105 - IE-IC (24).jpg
2025-08-08 15:07:47,467 [INFO] Processando imagem: 106 - IE-IC (24).jpg...
2025-08-08 15:07:47,643 [INFO]  -> Processed 106 - IE-IC (24).jpg
2025-08-08 15:07:47,643 [INFO] Processando imagem: 107 - IE-IC (24).jpg...
2025-08-08 15:07:47,820 [INFO]  -> Processed 107 - IE-IC (24).jpg
2025-08-08 15:07:47,820 [INFO] Processando imagem: 108 - IE-IC (24).jpg...
2025-08-08 15:07:47,990 [INFO]  -> Processed 108 - IE-IC (24).jpg
2025-08-08 15:07:47,990 [INFO] Processando imagem: 109 - IE-IC (24).jpg...
2025-08-08 15:07:48,184 [INFO]  -> Processed 109 - IE-IC (24).jpg
2025-08-08 15:07:48,184 [INFO] Processando imagem: 110 - IE-IC (24).jpg...
2025-08-08 15:07:48,355 [INFO]  -> Processed 110 - IE-IC (24).jpg
2025-08-08 15:07:48,355 [INFO] Processando imagem: 111 - IE-IC (24).jpg...
2025-08-08 15:07:48,529 [INFO]  -> Processed 111 - IE-IC (24).jpg
2025-08-08 15:07:48,529 [INFO] Processando imagem: 112 - IE-IC (24).jpg...
2025-08-08 15:07:48,695 [INFO]  -> Processed 112 - IE-IC (24).jpg
2025-08-08 15:07:48,695 [INFO] Processando imagem: 113 - IE-IC (24).jpg...
2025-08-08 15:07:48,872 [INFO]  -> Processed 113 - IE-IC (24).jpg
2025-08-08 15:07:48,872 [INFO] Processando imagem: 114 - IE-IC (24).jpg...
2025-08-08 15:07:49,076 [INFO]  -> Processed 114 - IE-IC (24).jpg
2025-08-08 15:07:49,076 [INFO] Processando imagem: 115 - IE-IC (24).jpg...
2025-08-08 15:07:49,282 [INFO]  -> Processed 115 - IE-IC (24).jpg
2025-08-08 15:07:49,282 [INFO] Processando imagem: 116 - IE-IC (24).jpg...
2025-08-08 15:07:49,475 [INFO]  -> Processed 116 - IE-IC (24).jpg
2025-08-08 15:07:49,475 [INFO] Processando imagem: 117 - IE-IC (24).jpg...
2025-08-08 15:07:49,667 [INFO]  -> Processed 117 - IE-IC (24).jpg
2025-08-08 15:07:49,667 [INFO] Processando imagem: 118 - IE-IC (24).jpg...
2025-08-08 15:07:49,877 [INFO]  -> Processed 118 - IE-IC (24).jpg
2025-08-08 15:07:49,878 [INFO] Processando imagem: 119 - IE-IC (24).jpg...
2025-08-08 15:07:50,064 [INFO]  -> Processed 119 - IE-IC (24).jpg
2025-08-08 15:07:50,064 [INFO] Arquivo HTML gerado: C:\Users\327887\Documents\0000_RELATORIOS\0000_GERAL\250808\250808_Relatorio.html
2025-08-08 15:13:35,048 [INFO] Encontradas 106 imagens para processar em: C:\Users\327887\Documents\0000_RELATORIOS\0000_GERAL\250808
2025-08-08 15:13:35,064 [INFO] Processando imagem: 004 - CEL (32).jpg...
2025-08-08 15:13:35,262 [INFO]  -> Processed 004 - CEL (32).jpg
2025-08-08 15:13:35,263 [INFO] Processando imagem: 007 - CEL (32).jpg...
2025-08-08 15:13:35,458 [INFO]  -> Processed 007 - CEL (32).jpg
2025-08-08 15:13:35,458 [INFO] Processando imagem: 008 - CEL (32).jpg...
2025-08-08 15:13:35,644 [INFO]  -> Processed 008 - CEL (32).jpg
2025-08-08 15:13:35,644 [INFO] Processando imagem: 009 - CEL (32).jpg...
2025-08-08 15:13:35,857 [INFO]  -> Processed 009 - CEL (32).jpg
2025-08-08 15:13:35,857 [INFO] Processando imagem: 010 - CEL (32).jpg...
2025-08-08 15:13:36,064 [INFO]  -> Processed 010 - CEL (32).jpg
2025-08-08 15:13:36,064 [INFO] Processando imagem: 011 - CEL (32).jpg...
2025-08-08 15:13:36,264 [INFO]  -> Processed 011 - CEL (32).jpg
2025-08-08 15:13:36,264 [INFO] Processando imagem: 012 - CEL (32).jpg...
2025-08-08 15:13:36,468 [INFO]  -> Processed 012 - CEL (32).jpg
2025-08-08 15:13:36,468 [INFO] Processando imagem: 013 - CEL (32).jpg...
2025-08-08 15:13:36,639 [INFO]  -> Processed 013 - CEL (32).jpg
2025-08-08 15:13:36,639 [INFO] Processando imagem: 014 - CEL (32).jpg...
2025-08-08 15:13:36,807 [INFO]  -> Processed 014 - CEL (32).jpg
2025-08-08 15:13:36,807 [INFO] Processando imagem: 015 - CEL (32).jpg...
2025-08-08 15:13:36,971 [INFO]  -> Processed 015 - CEL (32).jpg
2025-08-08 15:13:36,972 [INFO] Processando imagem: 016 - CEL (32).jpg...
2025-08-08 15:13:37,153 [INFO]  -> Processed 016 - CEL (32).jpg
2025-08-08 15:13:37,153 [INFO] Processando imagem: 017 - CEL (32).jpg...
2025-08-08 15:13:37,307 [INFO]  -> Processed 017 - CEL (32).jpg
2025-08-08 15:13:37,307 [INFO] Processando imagem: 018 - CEL (32).jpg...
2025-08-08 15:13:37,587 [INFO]  -> Processed 018 - CEL (32).jpg
2025-08-08 15:13:37,588 [INFO] Processando imagem: 019 - CEL (32).jpg...
2025-08-08 15:13:37,862 [INFO]  -> Processed 019 - CEL (32).jpg
2025-08-08 15:13:37,862 [INFO] Processando imagem: 020 - CEL (32).jpg...
2025-08-08 15:13:38,190 [INFO]  -> Processed 020 - CEL (32).jpg
2025-08-08 15:13:38,190 [INFO] Processando imagem: 021 - CEL (32).jpg...
2025-08-08 15:13:38,473 [INFO]  -> Processed 021 - CEL (32).jpg
2025-08-08 15:13:38,473 [INFO] Processando imagem: 022 - FEA (09).jpg...
2025-08-08 15:13:38,771 [INFO]  -> Processed 022 - FEA (09).jpg
2025-08-08 15:13:38,771 [INFO] Processando imagem: 023 - FEA (09).jpg...
2025-08-08 15:13:39,084 [INFO]  -> Processed 023 - FEA (09).jpg
2025-08-08 15:13:39,084 [INFO] Processando imagem: 024 - FEA (09).jpg...
2025-08-08 15:13:39,364 [INFO]  -> Processed 024 - FEA (09).jpg
2025-08-08 15:13:39,364 [INFO] Processando imagem: 025 - FEA (09).jpg...
2025-08-08 15:13:39,661 [INFO]  -> Processed 025 - FEA (09).jpg
2025-08-08 15:13:39,662 [INFO] Processando imagem: 026 - FEA (09).jpg...
2025-08-08 15:13:39,952 [INFO]  -> Processed 026 - FEA (09).jpg
2025-08-08 15:13:39,953 [INFO] Processando imagem: 027 - FEA (09).jpg...
2025-08-08 15:13:40,249 [INFO]  -> Processed 027 - FEA (09).jpg
2025-08-08 15:13:40,249 [INFO] Processando imagem: 028 - FEA (09).jpg...
2025-08-08 15:13:40,565 [INFO]  -> Processed 028 - FEA (09).jpg
2025-08-08 15:13:40,565 [INFO] Processando imagem: 029 - FEA (09).jpg...
2025-08-08 15:13:40,866 [INFO]  -> Processed 029 - FEA (09).jpg
2025-08-08 15:13:40,866 [INFO] Processando imagem: 030 - FEA (09).jpg...
2025-08-08 15:13:41,168 [INFO]  -> Processed 030 - FEA (09).jpg
2025-08-08 15:13:41,168 [INFO] Processando imagem: 031 - FEA (09).jpg...
2025-08-08 15:13:41,466 [INFO]  -> Processed 031 - FEA (09).jpg
2025-08-08 15:13:41,466 [INFO] Processando imagem: 032 - FEA (09).jpg...
2025-08-08 15:13:41,719 [INFO]  -> Processed 032 - FEA (09).jpg
2025-08-08 15:13:41,720 [INFO] Processando imagem: 033 - FEA (09).jpg...
2025-08-08 15:13:41,971 [INFO]  -> Processed 033 - FEA (09).jpg
2025-08-08 15:13:41,971 [INFO] Processando imagem: 034 - FEA (09).jpg...
2025-08-08 15:13:42,232 [INFO]  -> Processed 034 - FEA (09).jpg
2025-08-08 15:13:42,232 [INFO] Processando imagem: 035 - FEA (09).jpg...
2025-08-08 15:13:42,516 [INFO]  -> Processed 035 - FEA (09).jpg
2025-08-08 15:13:42,516 [INFO] Processando imagem: 036 - FEA (09).jpg...
2025-08-08 15:13:42,829 [INFO]  -> Processed 036 - FEA (09).jpg
2025-08-08 15:13:42,829 [INFO] Processando imagem: 037 - FEA (09).jpg...
2025-08-08 15:13:43,137 [INFO]  -> Processed 037 - FEA (09).jpg
2025-08-08 15:13:43,137 [INFO] Processando imagem: 038 - FEA (09).jpg...
2025-08-08 15:13:43,444 [INFO]  -> Processed 038 - FEA (09).jpg
2025-08-08 15:13:43,444 [INFO] Processando imagem: 040 - FEA (09).jpg...
2025-08-08 15:13:43,742 [INFO]  -> Processed 040 - FEA (09).jpg
2025-08-08 15:13:43,743 [INFO] Processando imagem: 041 - FEA (09).jpg...
2025-08-08 15:13:44,032 [INFO]  -> Processed 041 - FEA (09).jpg
2025-08-08 15:13:44,032 [INFO] Processando imagem: 048 - FEA (09).jpg...
2025-08-08 15:13:44,332 [INFO]  -> Processed 048 - FEA (09).jpg
2025-08-08 15:13:44,332 [INFO] Processando imagem: 049 - FEA (09).jpg...
2025-08-08 15:13:44,640 [INFO]  -> Processed 049 - FEA (09).jpg
2025-08-08 15:13:44,640 [INFO] Processando imagem: 050 - IE-IC (24).jpg...
2025-08-08 15:13:44,952 [INFO]  -> Processed 050 - IE-IC (24).jpg
2025-08-08 15:13:44,952 [INFO] Processando imagem: 051 - IE-IC (24).jpg...
2025-08-08 15:13:45,229 [INFO]  -> Processed 051 - IE-IC (24).jpg
2025-08-08 15:13:45,229 [INFO] Processando imagem: 052 - IE-IC (24).jpg...
2025-08-08 15:13:45,537 [INFO]  -> Processed 052 - IE-IC (24).jpg
2025-08-08 15:13:45,537 [INFO] Processando imagem: 053 - IE-IC (24).jpg...
2025-08-08 15:13:45,859 [INFO]  -> Processed 053 - IE-IC (24).jpg
2025-08-08 15:13:45,859 [INFO] Processando imagem: 054 - IE-IC (24).jpg...
2025-08-08 15:13:46,168 [INFO]  -> Processed 054 - IE-IC (24).jpg
2025-08-08 15:13:46,168 [INFO] Processando imagem: 055 - IE-IC (24).jpg...
2025-08-08 15:13:46,476 [INFO]  -> Processed 055 - IE-IC (24).jpg
2025-08-08 15:13:46,476 [INFO] Processando imagem: 056 - IE-IC (24).jpg...
2025-08-08 15:13:46,784 [INFO]  -> Processed 056 - IE-IC (24).jpg
2025-08-08 15:13:46,784 [INFO] Processando imagem: 057 - IE-IC (24).jpg...
2025-08-08 15:13:47,087 [INFO]  -> Processed 057 - IE-IC (24).jpg
2025-08-08 15:13:47,087 [INFO] Processando imagem: 058 - IE-IC (24).jpg...
2025-08-08 15:13:47,395 [INFO]  -> Processed 058 - IE-IC (24).jpg
2025-08-08 15:13:47,395 [INFO] Processando imagem: 059 - IE-IC (24).jpg...
2025-08-08 15:13:47,671 [INFO]  -> Processed 059 - IE-IC (24).jpg
2025-08-08 15:13:47,672 [INFO] Processando imagem: 060 - IE-IC (24).jpg...
2025-08-08 15:13:47,942 [INFO]  -> Processed 060 - IE-IC (24).jpg
2025-08-08 15:13:47,943 [INFO] Processando imagem: 061 - IE-IC (24).jpg...
2025-08-08 15:13:48,226 [INFO]  -> Processed 061 - IE-IC (24).jpg
2025-08-08 15:13:48,227 [INFO] Processando imagem: 063 - IE-IC (24).jpg...
2025-08-08 15:13:48,484 [INFO]  -> Processed 063 - IE-IC (24).jpg
2025-08-08 15:13:48,484 [INFO] Processando imagem: 064 - IE-IC (24).jpg...
2025-08-08 15:13:48,799 [INFO]  -> Processed 064 - IE-IC (24).jpg
2025-08-08 15:13:48,799 [INFO] Processando imagem: 065 - IE-IC (24).jpg...
2025-08-08 15:13:49,119 [INFO]  -> Processed 065 - IE-IC (24).jpg
2025-08-08 15:13:49,119 [INFO] Processando imagem: 066 - IE-IC (24).jpg...
2025-08-08 15:13:49,379 [INFO]  -> Processed 066 - IE-IC (24).jpg
2025-08-08 15:13:49,379 [INFO] Processando imagem: 067 - IE-IC (24).jpg...
2025-08-08 15:13:49,649 [INFO]  -> Processed 067 - IE-IC (24).jpg
2025-08-08 15:13:49,649 [INFO] Processando imagem: 068 - IE-IC (24).jpg...
2025-08-08 15:13:49,965 [INFO]  -> Processed 068 - IE-IC (24).jpg
2025-08-08 15:13:49,965 [INFO] Processando imagem: 069 - IE-IC (24).jpg...
2025-08-08 15:13:50,258 [INFO]  -> Processed 069 - IE-IC (24).jpg
2025-08-08 15:13:50,259 [INFO] Processando imagem: 070 - IE-IC (24).jpg...
2025-08-08 15:13:50,561 [INFO]  -> Processed 070 - IE-IC (24).jpg
2025-08-08 15:13:50,561 [INFO] Processando imagem: 071 - IE-IC (24).jpg...
2025-08-08 15:13:50,872 [INFO]  -> Processed 071 - IE-IC (24).jpg
2025-08-08 15:13:50,872 [INFO] Processando imagem: 072 - IE-IC (24).jpg...
2025-08-08 15:13:51,193 [INFO]  -> Processed 072 - IE-IC (24).jpg
2025-08-08 15:13:51,193 [INFO] Processando imagem: 073 - IE-IC (24).jpg...
2025-08-08 15:13:51,456 [INFO]  -> Processed 073 - IE-IC (24).jpg
2025-08-08 15:13:51,456 [INFO] Processando imagem: 074 - IE-IC (24).jpg...
2025-08-08 15:13:51,731 [INFO]  -> Processed 074 - IE-IC (24).jpg
2025-08-08 15:13:51,731 [INFO] Processando imagem: 075 - IE-IC (24).jpg...
2025-08-08 15:13:52,007 [INFO]  -> Processed 075 - IE-IC (24).jpg
2025-08-08 15:13:52,007 [INFO] Processando imagem: 076 - IE-IC (24).jpg...
2025-08-08 15:13:52,314 [INFO]  -> Processed 076 - IE-IC (24).jpg
2025-08-08 15:13:52,314 [INFO] Processando imagem: 077 - IE-IC (24).jpg...
2025-08-08 15:13:52,617 [INFO]  -> Processed 077 - IE-IC (24).jpg
2025-08-08 15:13:52,617 [INFO] Processando imagem: 078 - IE-IC (24).jpg...
2025-08-08 15:13:52,916 [INFO]  -> Processed 078 - IE-IC (24).jpg
2025-08-08 15:13:52,917 [INFO] Processando imagem: 079 - IE-IC (24).jpg...
2025-08-08 15:13:53,210 [INFO]  -> Processed 079 - IE-IC (24).jpg
2025-08-08 15:13:53,210 [INFO] Processando imagem: 080 - IE-IC (24).jpg...
2025-08-08 15:13:53,531 [INFO]  -> Processed 080 - IE-IC (24).jpg
2025-08-08 15:13:53,531 [INFO] Processando imagem: 081 - IE-IC (24).jpg...
2025-08-08 15:13:53,811 [INFO]  -> Processed 081 - IE-IC (24).jpg
2025-08-08 15:13:53,811 [INFO] Processando imagem: 082 - IE-IC (24).jpg...
2025-08-08 15:13:54,113 [INFO]  -> Processed 082 - IE-IC (24).jpg
2025-08-08 15:13:54,113 [INFO] Processando imagem: 083 - IE-IC (24).jpg...
2025-08-08 15:13:54,424 [INFO]  -> Processed 083 - IE-IC (24).jpg
2025-08-08 15:13:54,424 [INFO] Processando imagem: 084 - IE-IC (24).jpg...
2025-08-08 15:13:54,696 [INFO]  -> Processed 084 - IE-IC (24).jpg
2025-08-08 15:13:54,697 [INFO] Processando imagem: 085 - IE-IC (24).jpg...
2025-08-08 15:13:54,970 [INFO]  -> Processed 085 - IE-IC (24).jpg
2025-08-08 15:13:54,970 [INFO] Processando imagem: 086 - IE-IC (24).jpg...
2025-08-08 15:13:55,242 [INFO]  -> Processed 086 - IE-IC (24).jpg
2025-08-08 15:13:55,243 [INFO] Processando imagem: 087 - IE-IC (24).jpg...
2025-08-08 15:13:55,503 [INFO]  -> Processed 087 - IE-IC (24).jpg
2025-08-08 15:13:55,503 [INFO] Processando imagem: 088 - IE-IC (24).jpg...
2025-08-08 15:13:55,787 [INFO]  -> Processed 088 - IE-IC (24).jpg
2025-08-08 15:13:55,787 [INFO] Processando imagem: 089 - IE-IC (24).jpg...
2025-08-08 15:13:56,047 [INFO]  -> Processed 089 - IE-IC (24).jpg
2025-08-08 15:13:56,048 [INFO] Processando imagem: 090 - IE-IC (24).jpg...
2025-08-08 15:13:56,351 [INFO]  -> Processed 090 - IE-IC (24).jpg
2025-08-08 15:13:56,351 [INFO] Processando imagem: 091 - IE-IC (24).jpg...
2025-08-08 15:13:56,652 [INFO]  -> Processed 091 - IE-IC (24).jpg
2025-08-08 15:13:56,652 [INFO] Processando imagem: 092 - IE-IC (24).jpg...
2025-08-08 15:13:56,979 [INFO]  -> Processed 092 - IE-IC (24).jpg
2025-08-08 15:13:56,979 [INFO] Processando imagem: 093 - IE-IC (24).jpg...
2025-08-08 15:13:57,285 [INFO]  -> Processed 093 - IE-IC (24).jpg
2025-08-08 15:13:57,286 [INFO] Processando imagem: 094 - IE-IC (24).jpg...
2025-08-08 15:13:57,544 [INFO]  -> Processed 094 - IE-IC (24).jpg
2025-08-08 15:13:57,544 [INFO] Processando imagem: 095 - IE-IC (24).jpg...
2025-08-08 15:13:57,850 [INFO]  -> Processed 095 - IE-IC (24).jpg
2025-08-08 15:13:57,850 [INFO] Processando imagem: 096 - IE-IC (24).jpg...
2025-08-08 15:13:58,117 [INFO]  -> Processed 096 - IE-IC (24).jpg
2025-08-08 15:13:58,117 [INFO] Processando imagem: 097 - IE-IC (24).jpg...
2025-08-08 15:13:58,408 [INFO]  -> Processed 097 - IE-IC (24).jpg
2025-08-08 15:13:58,408 [INFO] Processando imagem: 098 - IE-IC (24).jpg...
2025-08-08 15:13:58,748 [INFO]  -> Processed 098 - IE-IC (24).jpg
2025-08-08 15:13:58,748 [INFO] Processando imagem: 099 - IE-IC (24).jpg...
2025-08-08 15:13:59,048 [INFO]  -> Processed 099 - IE-IC (24).jpg
2025-08-08 15:13:59,048 [INFO] Processando imagem: 100 - IE-IC (24).jpg...
2025-08-08 15:13:59,322 [INFO]  -> Processed 100 - IE-IC (24).jpg
2025-08-08 15:13:59,323 [INFO] Processando imagem: 101 - IE-IC (24).jpg...
2025-08-08 15:13:59,662 [INFO]  -> Processed 101 - IE-IC (24).jpg
2025-08-08 15:13:59,662 [INFO] Processando imagem: 102 - IE-IC (24).jpg...
2025-08-08 15:13:59,942 [INFO]  -> Processed 102 - IE-IC (24).jpg
2025-08-08 15:13:59,943 [INFO] Processando imagem: 103 - IE-IC (24).jpg...
2025-08-08 15:14:00,221 [INFO]  -> Processed 103 - IE-IC (24).jpg
2025-08-08 15:14:00,222 [INFO] Processando imagem: 104 - IE-IC (24).jpg...
2025-08-08 15:14:00,487 [INFO]  -> Processed 104 - IE-IC (24).jpg
2025-08-08 15:14:00,487 [INFO] Processando imagem: 105 - IE-IC (24).jpg...
2025-08-08 15:14:00,767 [INFO]  -> Processed 105 - IE-IC (24).jpg
2025-08-08 15:14:00,767 [INFO] Processando imagem: 106 - IE-IC (24).jpg...
2025-08-08 15:14:01,061 [INFO]  -> Processed 106 - IE-IC (24).jpg
2025-08-08 15:14:01,061 [INFO] Processando imagem: 107 - IE-IC (24).jpg...
2025-08-08 15:14:01,357 [INFO]  -> Processed 107 - IE-IC (24).jpg
2025-08-08 15:14:01,357 [INFO] Processando imagem: 108 - IE-IC (24).jpg...
2025-08-08 15:14:01,649 [INFO]  -> Processed 108 - IE-IC (24).jpg
2025-08-08 15:14:01,649 [INFO] Processando imagem: 109 - IE-IC (24).jpg...
2025-08-08 15:14:01,961 [INFO]  -> Processed 109 - IE-IC (24).jpg
2025-08-08 15:14:01,962 [INFO] Processando imagem: 110 - IE-IC (24).jpg...
2025-08-08 15:14:02,248 [INFO]  -> Processed 110 - IE-IC (24).jpg
2025-08-08 15:14:02,248 [INFO] Processando imagem: 111 - IE-IC (24).jpg...
2025-08-08 15:14:02,529 [INFO]  -> Processed 111 - IE-IC (24).jpg
2025-08-08 15:14:02,529 [INFO] Processando imagem: 112 - IE-IC (24).jpg...
2025-08-08 15:14:02,805 [INFO]  -> Processed 112 - IE-IC (24).jpg
2025-08-08 15:14:02,805 [INFO] Processando imagem: 113 - IE-IC (24).jpg...
2025-08-08 15:14:03,093 [INFO]  -> Processed 113 - IE-IC (24).jpg
2025-08-08 15:14:03,093 [INFO] Processando imagem: 114 - IE-IC (24).jpg...
2025-08-08 15:14:03,426 [INFO]  -> Processed 114 - IE-IC (24).jpg
2025-08-08 15:14:03,426 [INFO] Processando imagem: 115 - IE-IC (24).jpg...
2025-08-08 15:14:03,762 [INFO]  -> Processed 115 - IE-IC (24).jpg
2025-08-08 15:14:03,762 [INFO] Processando imagem: 116 - IE-IC (24).jpg...
2025-08-08 15:14:04,083 [INFO]  -> Processed 116 - IE-IC (24).jpg
2025-08-08 15:14:04,083 [INFO] Processando imagem: 117 - IE-IC (24).jpg...
2025-08-08 15:14:04,407 [INFO]  -> Processed 117 - IE-IC (24).jpg
2025-08-08 15:14:04,407 [INFO] Processando imagem: 118 - IE-IC (24).jpg...
2025-08-08 15:14:04,745 [INFO]  -> Processed 118 - IE-IC (24).jpg
2025-08-08 15:14:04,745 [INFO] Processando imagem: 119 - IE-IC (24).jpg...
2025-08-08 15:14:05,059 [INFO]  -> Processed 119 - IE-IC (24).jpg
2025-08-08 15:14:05,059 [INFO] Arquivo HTML gerado: C:\Users\327887\Documents\0000_RELATORIOS\0000_GERAL\250808\250808_Relatorio.html
2025-08-15 11:22:07,645 [INFO] Encontradas 191 imagens para processar em: C:\Users\327887\Documents\0000_RELATORIOS\0000_GERAL\250813
2025-08-15 11:22:07,655 [INFO] Processando imagem: 003 - FE (23).jpg...
2025-08-15 11:22:07,828 [INFO]  -> Processed 003 - FE (23).jpg
2025-08-15 11:22:07,829 [INFO] Processando imagem: 004 - FE (23).jpg...
2025-08-15 11:22:08,133 [INFO]  -> Processed 004 - FE (23).jpg
2025-08-15 11:22:08,134 [INFO] Processando imagem: 005 - FE (23).jpg...
2025-08-15 11:22:08,452 [INFO]  -> Processed 005 - FE (23).jpg
2025-08-15 11:22:08,452 [INFO] Processando imagem: 006 - FE (23).jpg...
2025-08-15 11:22:08,767 [INFO]  -> Processed 006 - FE (23).jpg
2025-08-15 11:22:08,768 [INFO] Processando imagem: 007 - FE (23).jpg...
2025-08-15 11:22:09,080 [INFO]  -> Processed 007 - FE (23).jpg
2025-08-15 11:22:09,080 [INFO] Processando imagem: 008 - FE (23).jpg...
2025-08-15 11:22:09,408 [INFO]  -> Processed 008 - FE (23).jpg
2025-08-15 11:22:09,408 [INFO] Processando imagem: 009 - FE (23).jpg...
2025-08-15 11:22:09,730 [INFO]  -> Processed 009 - FE (23).jpg
2025-08-15 11:22:09,730 [INFO] Processando imagem: 010 - FE (23).jpg...
2025-08-15 11:22:10,036 [INFO]  -> Processed 010 - FE (23).jpg
2025-08-15 11:22:10,036 [INFO] Processando imagem: 011 - FE (23).jpg...
2025-08-15 11:22:10,362 [INFO]  -> Processed 011 - FE (23).jpg
2025-08-15 11:22:10,365 [INFO] Processando imagem: 012 - FE (23).jpg...
2025-08-15 11:22:10,690 [INFO]  -> Processed 012 - FE (23).jpg
2025-08-15 11:22:10,690 [INFO] Processando imagem: 013 - FE (23).jpg...
2025-08-15 11:22:11,017 [INFO]  -> Processed 013 - FE (23).jpg
2025-08-15 11:22:11,017 [INFO] Processando imagem: 014 - FE (23).jpg...
2025-08-15 11:22:11,339 [INFO]  -> Processed 014 - FE (23).jpg
2025-08-15 11:22:11,339 [INFO] Processando imagem: 015 - FE (23).jpg...
2025-08-15 11:22:11,668 [INFO]  -> Processed 015 - FE (23).jpg
2025-08-15 11:22:11,668 [INFO] Processando imagem: 016 - FE (23).jpg...
2025-08-15 11:22:12,010 [INFO]  -> Processed 016 - FE (23).jpg
2025-08-15 11:22:12,010 [INFO] Processando imagem: 017 - FE (23).jpg...
2025-08-15 11:22:12,322 [INFO]  -> Processed 017 - FE (23).jpg
2025-08-15 11:22:12,322 [INFO] Processando imagem: 018 - FE (23).jpg...
2025-08-15 11:22:12,658 [INFO]  -> Processed 018 - FE (23).jpg
2025-08-15 11:22:12,659 [INFO] Processando imagem: 019 - FE (23).jpg...
2025-08-15 11:22:12,991 [INFO]  -> Processed 019 - FE (23).jpg
2025-08-15 11:22:12,992 [INFO] Processando imagem: 020 - FE (23).jpg...
2025-08-15 11:22:13,286 [INFO]  -> Processed 020 - FE (23).jpg
2025-08-15 11:22:13,286 [INFO] Processando imagem: 021 - FE (23).jpg...
2025-08-15 11:22:13,629 [INFO]  -> Processed 021 - FE (23).jpg
2025-08-15 11:22:13,629 [INFO] Processando imagem: 022 - FE (23).jpg...
2025-08-15 11:22:13,935 [INFO]  -> Processed 022 - FE (23).jpg
2025-08-15 11:22:13,935 [INFO] Processando imagem: 023 - FE (23).jpg...
2025-08-15 11:22:14,247 [INFO]  -> Processed 023 - FE (23).jpg
2025-08-15 11:22:14,247 [INFO] Processando imagem: 024 - FE (23).jpg...
2025-08-15 11:22:14,571 [INFO]  -> Processed 024 - FE (23).jpg
2025-08-15 11:22:14,571 [INFO] Processando imagem: 025 - FE (23).jpg...
2025-08-15 11:22:14,997 [INFO]  -> Processed 025 - FE (23).jpg
2025-08-15 11:22:14,998 [INFO] Processando imagem: 026 - FE (23).jpg...
2025-08-15 11:22:15,487 [INFO]  -> Processed 026 - FE (23).jpg
2025-08-15 11:22:15,488 [INFO] Processando imagem: 027 - FE (23).jpg...
2025-08-15 11:22:15,973 [INFO]  -> Processed 027 - FE (23).jpg
2025-08-15 11:22:15,974 [INFO] Processando imagem: 028 - FE (23).jpg...
2025-08-15 11:22:16,410 [INFO]  -> Processed 028 - FE (23).jpg
2025-08-15 11:22:16,410 [INFO] Processando imagem: 029 - FE (23).jpg...
2025-08-15 11:22:16,819 [INFO]  -> Processed 029 - FE (23).jpg
2025-08-15 11:22:16,820 [INFO] Processando imagem: 030 - FE (23).jpg...
2025-08-15 11:22:17,276 [INFO]  -> Processed 030 - FE (23).jpg
2025-08-15 11:22:17,277 [INFO] Processando imagem: 031 - FE (23).jpg...
2025-08-15 11:22:17,767 [INFO]  -> Processed 031 - FE (23).jpg
2025-08-15 11:22:17,768 [INFO] Processando imagem: 032 - FE (23).jpg...
2025-08-15 11:22:18,235 [INFO]  -> Processed 032 - FE (23).jpg
2025-08-15 11:22:18,235 [INFO] Processando imagem: 033 - FE (23).jpg...
2025-08-15 11:22:18,696 [INFO]  -> Processed 033 - FE (23).jpg
2025-08-15 11:22:18,697 [INFO] Processando imagem: 034 - FE (23).jpg...
2025-08-15 11:22:19,157 [INFO]  -> Processed 034 - FE (23).jpg
2025-08-15 11:22:19,158 [INFO] Processando imagem: 035 - FE (23).jpg...
2025-08-15 11:22:19,656 [INFO]  -> Processed 035 - FE (23).jpg
2025-08-15 11:22:19,656 [INFO] Processando imagem: 036 - FE (23).jpg...
2025-08-15 11:22:20,120 [INFO]  -> Processed 036 - FE (23).jpg
2025-08-15 11:22:20,121 [INFO] Processando imagem: 037 - FE (23).jpg...
2025-08-15 11:22:20,645 [INFO]  -> Processed 037 - FE (23).jpg
2025-08-15 11:22:20,646 [INFO] Processando imagem: 038 - FE (23).jpg...
2025-08-15 11:22:21,117 [INFO]  -> Processed 038 - FE (23).jpg
2025-08-15 11:22:21,118 [INFO] Processando imagem: 039 - FE (23).jpg...
2025-08-15 11:22:21,635 [INFO]  -> Processed 039 - FE (23).jpg
2025-08-15 11:22:21,636 [INFO] Processando imagem: 040 - FE (23).jpg...
2025-08-15 11:22:22,163 [INFO]  -> Processed 040 - FE (23).jpg
2025-08-15 11:22:22,164 [INFO] Processando imagem: 041 - FE (23).jpg...
2025-08-15 11:22:22,616 [INFO]  -> Processed 041 - FE (23).jpg
2025-08-15 11:22:22,617 [INFO] Processando imagem: 042 - FE (23).jpg...
2025-08-15 11:22:23,138 [INFO]  -> Processed 042 - FE (23).jpg
2025-08-15 11:22:23,138 [INFO] Processando imagem: 043 - FE (23).jpg...
2025-08-15 11:22:23,607 [INFO]  -> Processed 043 - FE (23).jpg
2025-08-15 11:22:23,607 [INFO] Processando imagem: 044 - FE (23).jpg...
2025-08-15 11:22:24,081 [INFO]  -> Processed 044 - FE (23).jpg
2025-08-15 11:22:24,082 [INFO] Processando imagem: 045 - FE (23).jpg...
2025-08-15 11:22:24,548 [INFO]  -> Processed 045 - FE (23).jpg
2025-08-15 11:22:24,549 [INFO] Processando imagem: 046 - FE (23).jpg...
2025-08-15 11:22:25,038 [INFO]  -> Processed 046 - FE (23).jpg
2025-08-15 11:22:25,038 [INFO] Processando imagem: 047 - FE (23).jpg...
2025-08-15 11:22:25,487 [INFO]  -> Processed 047 - FE (23).jpg
2025-08-15 11:22:25,488 [INFO] Processando imagem: 048 - FE (23).jpg...
2025-08-15 11:22:25,966 [INFO]  -> Processed 048 - FE (23).jpg
2025-08-15 11:22:25,966 [INFO] Processando imagem: 049 - FE (23).jpg...
2025-08-15 11:22:26,483 [INFO]  -> Processed 049 - FE (23).jpg
2025-08-15 11:22:26,484 [INFO] Processando imagem: 050 - FE (23).jpg...
2025-08-15 11:22:26,947 [INFO]  -> Processed 050 - FE (23).jpg
2025-08-15 11:22:26,948 [INFO] Processando imagem: 051 - FE (23).jpg...
2025-08-15 11:22:27,422 [INFO]  -> Processed 051 - FE (23).jpg
2025-08-15 11:22:27,422 [INFO] Processando imagem: 052 - FE (23).jpg...
2025-08-15 11:22:27,892 [INFO]  -> Processed 052 - FE (23).jpg
2025-08-15 11:22:27,893 [INFO] Processando imagem: 053 - FE (23).jpg...
2025-08-15 11:22:28,371 [INFO]  -> Processed 053 - FE (23).jpg
2025-08-15 11:22:28,371 [INFO] Processando imagem: 054 - FE (23).jpg...
2025-08-15 11:22:28,863 [INFO]  -> Processed 054 - FE (23).jpg
2025-08-15 11:22:28,863 [INFO] Processando imagem: 055 - FE (23).jpg...
2025-08-15 11:22:29,340 [INFO]  -> Processed 055 - FE (23).jpg
2025-08-15 11:22:29,340 [INFO] Processando imagem: 056 - FE (23).jpg...
2025-08-15 11:22:29,852 [INFO]  -> Processed 056 - FE (23).jpg
2025-08-15 11:22:29,853 [INFO] Processando imagem: 057 - FE (23).jpg...
2025-08-15 11:22:30,319 [INFO]  -> Processed 057 - FE (23).jpg
2025-08-15 11:22:30,319 [INFO] Processando imagem: 058 - FE (23).jpg...
2025-08-15 11:22:30,797 [INFO]  -> Processed 058 - FE (23).jpg
2025-08-15 11:22:30,797 [INFO] Processando imagem: 059 - FE (23).jpg...
2025-08-15 11:22:31,285 [INFO]  -> Processed 059 - FE (23).jpg
2025-08-15 11:22:31,286 [INFO] Processando imagem: 060 - FE (23).jpg...
2025-08-15 11:22:31,755 [INFO]  -> Processed 060 - FE (23).jpg
2025-08-15 11:22:31,756 [INFO] Processando imagem: 061 - FE (23).jpg...
2025-08-15 11:22:32,222 [INFO]  -> Processed 061 - FE (23).jpg
2025-08-15 11:22:32,222 [INFO] Processando imagem: 062 - FE (23).jpg...
2025-08-15 11:22:32,671 [INFO]  -> Processed 062 - FE (23).jpg
2025-08-15 11:22:32,671 [INFO] Processando imagem: 063 - FE (23).jpg...
2025-08-15 11:22:33,160 [INFO]  -> Processed 063 - FE (23).jpg
2025-08-15 11:22:33,161 [INFO] Processando imagem: 064 - FE (23).jpg...
2025-08-15 11:22:33,650 [INFO]  -> Processed 064 - FE (23).jpg
2025-08-15 11:22:33,650 [INFO] Processando imagem: 065 - FE (23).jpg...
2025-08-15 11:22:34,171 [INFO]  -> Processed 065 - FE (23).jpg
2025-08-15 11:22:34,171 [INFO] Processando imagem: 066 - FE (23).jpg...
2025-08-15 11:22:34,745 [INFO]  -> Processed 066 - FE (23).jpg
2025-08-15 11:22:34,746 [INFO] Processando imagem: 067 - FE (23).jpg...
2025-08-15 11:22:35,251 [INFO]  -> Processed 067 - FE (23).jpg
2025-08-15 11:22:35,251 [INFO] Processando imagem: 068 - FE (23).jpg...
2025-08-15 11:22:35,712 [INFO]  -> Processed 068 - FE (23).jpg
2025-08-15 11:22:35,712 [INFO] Processando imagem: 069 - FE (23).jpg...
2025-08-15 11:22:36,226 [INFO]  -> Processed 069 - FE (23).jpg
2025-08-15 11:22:36,226 [INFO] Processando imagem: 070 - FE (23).jpg...
2025-08-15 11:22:36,737 [INFO]  -> Processed 070 - FE (23).jpg
2025-08-15 11:22:36,738 [INFO] Processando imagem: 071 - FE (23).jpg...
2025-08-15 11:22:37,167 [INFO]  -> Processed 071 - FE (23).jpg
2025-08-15 11:22:37,168 [INFO] Processando imagem: 072 - FE (23).jpg...
2025-08-15 11:22:37,632 [INFO]  -> Processed 072 - FE (23).jpg
2025-08-15 11:22:37,633 [INFO] Processando imagem: 073 - FE (23).jpg...
2025-08-15 11:22:38,144 [INFO]  -> Processed 073 - FE (23).jpg
2025-08-15 11:22:38,144 [INFO] Processando imagem: 074 - FE (23).jpg...
2025-08-15 11:22:38,610 [INFO]  -> Processed 074 - FE (23).jpg
2025-08-15 11:22:38,610 [INFO] Processando imagem: 075 - FE (23).jpg...
2025-08-15 11:22:39,067 [INFO]  -> Processed 075 - FE (23).jpg
2025-08-15 11:22:39,068 [INFO] Processando imagem: 076 - FE (23).jpg...
2025-08-15 11:22:39,520 [INFO]  -> Processed 076 - FE (23).jpg
2025-08-15 11:22:39,521 [INFO] Processando imagem: 077 - FE (23).jpg...
2025-08-15 11:22:39,995 [INFO]  -> Processed 077 - FE (23).jpg
2025-08-15 11:22:39,996 [INFO] Processando imagem: 078 - FE (23).jpg...
2025-08-15 11:22:40,475 [INFO]  -> Processed 078 - FE (23).jpg
2025-08-15 11:22:40,476 [INFO] Processando imagem: 079 - FE (23).jpg...
2025-08-15 11:22:40,971 [INFO]  -> Processed 079 - FE (23).jpg
2025-08-15 11:22:40,972 [INFO] Processando imagem: 080 - FE (23).jpg...
2025-08-15 11:22:41,479 [INFO]  -> Processed 080 - FE (23).jpg
2025-08-15 11:22:41,480 [INFO] Processando imagem: 081 - HC-CAISM (03).jpg...
2025-08-15 11:22:41,770 [INFO]  -> Processed 081 - HC-CAISM (03).jpg
2025-08-15 11:22:41,771 [INFO] Processando imagem: 082 - HC-CAISM (03).jpg...
2025-08-15 11:22:42,094 [INFO]  -> Processed 082 - HC-CAISM (03).jpg
2025-08-15 11:22:42,095 [INFO] Processando imagem: 083 - HC-CAISM (03).jpg...
2025-08-15 11:22:42,421 [INFO]  -> Processed 083 - HC-CAISM (03).jpg
2025-08-15 11:22:42,422 [INFO] Processando imagem: 084 - HC-CAISM (03).jpg...
2025-08-15 11:22:42,658 [INFO]  -> Processed 084 - HC-CAISM (03).jpg
2025-08-15 11:22:42,658 [INFO] Processando imagem: 085 - HC-CAISM (03).jpg...
2025-08-15 11:22:42,923 [INFO]  -> Processed 085 - HC-CAISM (03).jpg
2025-08-15 11:22:42,923 [INFO] Processando imagem: 088 - HC-CAISM (03).jpg...
2025-08-15 11:22:43,170 [INFO]  -> Processed 088 - HC-CAISM (03).jpg
2025-08-15 11:22:43,171 [INFO] Processando imagem: 089 - HC-CAISM (03).jpg...
2025-08-15 11:22:43,484 [INFO]  -> Processed 089 - HC-CAISM (03).jpg
2025-08-15 11:22:43,484 [INFO] Processando imagem: 090 - HC-CAISM (03).jpg...
2025-08-15 11:22:43,776 [INFO]  -> Processed 090 - HC-CAISM (03).jpg
2025-08-15 11:22:43,777 [INFO] Processando imagem: 091 - HC-CAISM (03).jpg...
2025-08-15 11:22:44,049 [INFO]  -> Processed 091 - HC-CAISM (03).jpg
2025-08-15 11:22:44,050 [INFO] Processando imagem: 092 - HC-CAISM (03).jpg...
2025-08-15 11:22:44,343 [INFO]  -> Processed 092 - HC-CAISM (03).jpg
2025-08-15 11:22:44,344 [INFO] Processando imagem: 093 - HC-CAISM (03).jpg...
2025-08-15 11:22:44,670 [INFO]  -> Processed 093 - HC-CAISM (03).jpg
2025-08-15 11:22:44,671 [INFO] Processando imagem: 094 - HC-CAISM (03).jpg...
2025-08-15 11:22:45,007 [INFO]  -> Processed 094 - HC-CAISM (03).jpg
2025-08-15 11:22:45,008 [INFO] Processando imagem: 095 - HC-CAISM (03).jpg...
2025-08-15 11:22:45,353 [INFO]  -> Processed 095 - HC-CAISM (03).jpg
2025-08-15 11:22:45,353 [INFO] Processando imagem: 096 - HC-CAISM (03).jpg...
2025-08-15 11:22:45,691 [INFO]  -> Processed 096 - HC-CAISM (03).jpg
2025-08-15 11:22:45,692 [INFO] Processando imagem: 097 - HC-CAISM (03).jpg...
2025-08-15 11:22:46,012 [INFO]  -> Processed 097 - HC-CAISM (03).jpg
2025-08-15 11:22:46,013 [INFO] Processando imagem: 098 - HC-CAISM (03).jpg...
2025-08-15 11:22:46,323 [INFO]  -> Processed 098 - HC-CAISM (03).jpg
2025-08-15 11:22:46,324 [INFO] Processando imagem: 099 - HC-CAISM (03).jpg...
2025-08-15 11:22:46,626 [INFO]  -> Processed 099 - HC-CAISM (03).jpg
2025-08-15 11:22:46,627 [INFO] Processando imagem: 100 - HC-CAISM (03).jpg...
2025-08-15 11:22:46,940 [INFO]  -> Processed 100 - HC-CAISM (03).jpg
2025-08-15 11:22:46,941 [INFO] Processando imagem: 101 - HC-CAISM (03).jpg...
2025-08-15 11:22:47,297 [INFO]  -> Processed 101 - HC-CAISM (03).jpg
2025-08-15 11:22:47,298 [INFO] Processando imagem: 102 - HC-CAISM (03).jpg...
2025-08-15 11:22:47,621 [INFO]  -> Processed 102 - HC-CAISM (03).jpg
2025-08-15 11:22:47,622 [INFO] Processando imagem: 103 - HC-CAISM (03).jpg...
2025-08-15 11:22:47,944 [INFO]  -> Processed 103 - HC-CAISM (03).jpg
2025-08-15 11:22:47,944 [INFO] Processando imagem: 104 - HC-CAISM (03).jpg...
2025-08-15 11:22:48,246 [INFO]  -> Processed 104 - HC-CAISM (03).jpg
2025-08-15 11:22:48,247 [INFO] Processando imagem: 105 - HC-CAISM (03).jpg...
2025-08-15 11:22:48,539 [INFO]  -> Processed 105 - HC-CAISM (03).jpg
2025-08-15 11:22:48,540 [INFO] Processando imagem: 106 - HC-CAISM (03).jpg...
2025-08-15 11:22:48,891 [INFO]  -> Processed 106 - HC-CAISM (03).jpg
2025-08-15 11:22:48,892 [INFO] Processando imagem: 107 - HC-CAISM (03).jpg...
2025-08-15 11:22:49,208 [INFO]  -> Processed 107 - HC-CAISM (03).jpg
2025-08-15 11:22:49,208 [INFO] Processando imagem: 108 - HC-CAISM (03).jpg...
2025-08-15 11:22:49,507 [INFO]  -> Processed 108 - HC-CAISM (03).jpg
2025-08-15 11:22:49,508 [INFO] Processando imagem: 109 - HC-CAISM (03).jpg...
2025-08-15 11:22:49,824 [INFO]  -> Processed 109 - HC-CAISM (03).jpg
2025-08-15 11:22:49,825 [INFO] Processando imagem: 110 - HC-CAISM (03).jpg...
2025-08-15 11:22:50,163 [INFO]  -> Processed 110 - HC-CAISM (03).jpg
2025-08-15 11:22:50,165 [INFO] Processando imagem: 111 - HC-CAISM (03).jpg...
2025-08-15 11:22:50,452 [INFO]  -> Processed 111 - HC-CAISM (03).jpg
2025-08-15 11:22:50,452 [INFO] Processando imagem: 112 - HC-CAISM (03).jpg...
2025-08-15 11:22:50,755 [INFO]  -> Processed 112 - HC-CAISM (03).jpg
2025-08-15 11:22:50,757 [INFO] Processando imagem: 113 - HC-CAISM (03).jpg...
2025-08-15 11:22:51,038 [INFO]  -> Processed 113 - HC-CAISM (03).jpg
2025-08-15 11:22:51,039 [INFO] Processando imagem: 114 - HC-CAISM (03).jpg...
2025-08-15 11:22:51,356 [INFO]  -> Processed 114 - HC-CAISM (03).jpg
2025-08-15 11:22:51,357 [INFO] Processando imagem: 115 - HC-CAISM (03).jpg...
2025-08-15 11:22:51,696 [INFO]  -> Processed 115 - HC-CAISM (03).jpg
2025-08-15 11:22:51,697 [INFO] Processando imagem: 116 - HC-CAISM (03).jpg...
2025-08-15 11:22:51,991 [INFO]  -> Processed 116 - HC-CAISM (03).jpg
2025-08-15 11:22:51,992 [INFO] Processando imagem: 117 - HC-CAISM (03).jpg...
2025-08-15 11:22:52,286 [INFO]  -> Processed 117 - HC-CAISM (03).jpg
2025-08-15 11:22:52,286 [INFO] Processando imagem: 118 - HC-CAISM (03).jpg...
2025-08-15 11:22:52,590 [INFO]  -> Processed 118 - HC-CAISM (03).jpg
2025-08-15 11:22:52,590 [INFO] Processando imagem: 119 - HC-CAISM (03).jpg...
2025-08-15 11:22:52,977 [INFO]  -> Processed 119 - HC-CAISM (03).jpg
2025-08-15 11:22:52,978 [INFO] Processando imagem: 120 - HC-CAISM (03).jpg...
2025-08-15 11:22:53,297 [INFO]  -> Processed 120 - HC-CAISM (03).jpg
2025-08-15 11:22:53,298 [INFO] Processando imagem: 121 - HC-CAISM (03).jpg...
2025-08-15 11:22:53,605 [INFO]  -> Processed 121 - HC-CAISM (03).jpg
2025-08-15 11:22:53,606 [INFO] Processando imagem: 122 - HC-CAISM (03).jpg...
2025-08-15 11:22:53,868 [INFO]  -> Processed 122 - HC-CAISM (03).jpg
2025-08-15 11:22:53,868 [INFO] Processando imagem: 123 - HC-CAISM (03).jpg...
2025-08-15 11:22:54,126 [INFO]  -> Processed 123 - HC-CAISM (03).jpg
2025-08-15 11:22:54,127 [INFO] Processando imagem: 124 - HC-CAISM (03).jpg...
2025-08-15 11:22:54,378 [INFO]  -> Processed 124 - HC-CAISM (03).jpg
2025-08-15 11:22:54,378 [INFO] Processando imagem: 125 - HC-CAISM (03).jpg...
2025-08-15 11:22:54,662 [INFO]  -> Processed 125 - HC-CAISM (03).jpg
2025-08-15 11:22:54,662 [INFO] Processando imagem: 126 - HC-CAISM (03).jpg...
2025-08-15 11:22:54,975 [INFO]  -> Processed 126 - HC-CAISM (03).jpg
2025-08-15 11:22:54,976 [INFO] Processando imagem: 127 - HC-CAISM (03).jpg...
2025-08-15 11:22:55,320 [INFO]  -> Processed 127 - HC-CAISM (03).jpg
2025-08-15 11:22:55,320 [INFO] Processando imagem: 128 - HC-CAISM (03).jpg...
2025-08-15 11:22:55,621 [INFO]  -> Processed 128 - HC-CAISM (03).jpg
2025-08-15 11:22:55,621 [INFO] Processando imagem: 129 - HC-CAISM (03).jpg...
2025-08-15 11:22:55,940 [INFO]  -> Processed 129 - HC-CAISM (03).jpg
2025-08-15 11:22:55,941 [INFO] Processando imagem: 132 - HC-CAISM (03).jpg...
2025-08-15 11:22:56,256 [INFO]  -> Processed 132 - HC-CAISM (03).jpg
2025-08-15 11:22:56,257 [INFO] Processando imagem: 133 - HC-CAISM (03).jpg...
2025-08-15 11:22:56,582 [INFO]  -> Processed 133 - HC-CAISM (03).jpg
2025-08-15 11:22:56,582 [INFO] Processando imagem: 134 - HC-CAISM (03).jpg...
2025-08-15 11:22:56,921 [INFO]  -> Processed 134 - HC-CAISM (03).jpg
2025-08-15 11:22:56,922 [INFO] Processando imagem: 135 - HC-CAISM (03).jpg...
2025-08-15 11:22:57,269 [INFO]  -> Processed 135 - HC-CAISM (03).jpg
2025-08-15 11:22:57,269 [INFO] Processando imagem: 136 - HC-CAISM (03).jpg...
2025-08-15 11:22:57,620 [INFO]  -> Processed 136 - HC-CAISM (03).jpg
2025-08-15 11:22:57,621 [INFO] Processando imagem: 137 - HC-CAISM (03).jpg...
2025-08-15 11:22:57,965 [INFO]  -> Processed 137 - HC-CAISM (03).jpg
2025-08-15 11:22:57,965 [INFO] Processando imagem: 138 - HC-CAISM (03).jpg...
2025-08-15 11:22:58,341 [INFO]  -> Processed 138 - HC-CAISM (03).jpg
2025-08-15 11:22:58,341 [INFO] Processando imagem: 139 - IEL (15).jpg...
2025-08-15 11:22:58,855 [INFO]  -> Processed 139 - IEL (15).jpg
2025-08-15 11:22:58,855 [INFO] Processando imagem: 140 - IEL (15).jpg...
2025-08-15 11:22:59,336 [INFO]  -> Processed 140 - IEL (15).jpg
2025-08-15 11:22:59,336 [INFO] Processando imagem: 141 - IEL (15).jpg...
2025-08-15 11:22:59,796 [INFO]  -> Processed 141 - IEL (15).jpg
2025-08-15 11:22:59,796 [INFO] Processando imagem: 142 - IEL (15).jpg...
2025-08-15 11:23:00,252 [INFO]  -> Processed 142 - IEL (15).jpg
2025-08-15 11:23:00,252 [INFO] Processando imagem: 143 - IEL (15).jpg...
2025-08-15 11:23:00,708 [INFO]  -> Processed 143 - IEL (15).jpg
2025-08-15 11:23:00,709 [INFO] Processando imagem: 144 - IEL (15).jpg...
2025-08-15 11:23:01,189 [INFO]  -> Processed 144 - IEL (15).jpg
2025-08-15 11:23:01,189 [INFO] Processando imagem: 145 - IEL (15).jpg...
2025-08-15 11:23:01,690 [INFO]  -> Processed 145 - IEL (15).jpg
2025-08-15 11:23:01,690 [INFO] Processando imagem: 146 - IEL (15).jpg...
2025-08-15 11:23:02,252 [INFO]  -> Processed 146 - IEL (15).jpg
2025-08-15 11:23:02,253 [INFO] Processando imagem: 147 - IEL (15).jpg...
2025-08-15 11:23:02,836 [INFO]  -> Processed 147 - IEL (15).jpg
2025-08-15 11:23:02,837 [INFO] Processando imagem: 148 - IEL (15).jpg...
2025-08-15 11:23:03,353 [INFO]  -> Processed 148 - IEL (15).jpg
2025-08-15 11:23:03,353 [INFO] Processando imagem: 149 - IEL (15).jpg...
2025-08-15 11:23:03,792 [INFO]  -> Processed 149 - IEL (15).jpg
2025-08-15 11:23:03,793 [INFO] Processando imagem: 150 - IEL (15).jpg...
2025-08-15 11:23:04,238 [INFO]  -> Processed 150 - IEL (15).jpg
2025-08-15 11:23:04,239 [INFO] Processando imagem: 151 - IEL (15).jpg...
2025-08-15 11:23:04,682 [INFO]  -> Processed 151 - IEL (15).jpg
2025-08-15 11:23:04,683 [INFO] Processando imagem: 152 - IEL (15).jpg...
2025-08-15 11:23:05,140 [INFO]  -> Processed 152 - IEL (15).jpg
2025-08-15 11:23:05,140 [INFO] Processando imagem: 153 - IEL (15).jpg...
2025-08-15 11:23:05,587 [INFO]  -> Processed 153 - IEL (15).jpg
2025-08-15 11:23:05,588 [INFO] Processando imagem: 154 - IEL (15).jpg...
2025-08-15 11:23:06,057 [INFO]  -> Processed 154 - IEL (15).jpg
2025-08-15 11:23:06,058 [INFO] Processando imagem: 155 - IEL (15).jpg...
2025-08-15 11:23:06,536 [INFO]  -> Processed 155 - IEL (15).jpg
2025-08-15 11:23:06,536 [INFO] Processando imagem: 156 - IEL (15).jpg...
2025-08-15 11:23:07,044 [INFO]  -> Processed 156 - IEL (15).jpg
2025-08-15 11:23:07,045 [INFO] Processando imagem: 157 - IEL (15).jpg...
2025-08-15 11:23:07,531 [INFO]  -> Processed 157 - IEL (15).jpg
2025-08-15 11:23:07,532 [INFO] Processando imagem: 158 - IEL (15).jpg...
2025-08-15 11:23:08,036 [INFO]  -> Processed 158 - IEL (15).jpg
2025-08-15 11:23:08,037 [INFO] Processando imagem: 159 - IEL (15).jpg...
2025-08-15 11:23:08,587 [INFO]  -> Processed 159 - IEL (15).jpg
2025-08-15 11:23:08,588 [INFO] Processando imagem: 160 - IFCH (14).jpg...
2025-08-15 11:23:09,052 [INFO]  -> Processed 160 - IFCH (14).jpg
2025-08-15 11:23:09,053 [INFO] Processando imagem: 161 - IFCH (14).jpg...
2025-08-15 11:23:09,501 [INFO]  -> Processed 161 - IFCH (14).jpg
2025-08-15 11:23:09,502 [INFO] Processando imagem: 162 - IFCH (14).jpg...
2025-08-15 11:23:10,053 [INFO]  -> Processed 162 - IFCH (14).jpg
2025-08-15 11:23:10,054 [INFO] Processando imagem: 163 - IFCH (14).jpg...
2025-08-15 11:23:10,535 [INFO]  -> Processed 163 - IFCH (14).jpg
2025-08-15 11:23:10,536 [INFO] Processando imagem: 164 - IFCH (14).jpg...
2025-08-15 11:23:11,084 [INFO]  -> Processed 164 - IFCH (14).jpg
2025-08-15 11:23:11,085 [INFO] Processando imagem: 165 - IFCH (14).jpg...
2025-08-15 11:23:11,560 [INFO]  -> Processed 165 - IFCH (14).jpg
2025-08-15 11:23:11,560 [INFO] Processando imagem: 166 - IFCH (14).jpg...
2025-08-15 11:23:11,975 [INFO]  -> Processed 166 - IFCH (14).jpg
2025-08-15 11:23:11,975 [INFO] Processando imagem: 167 - IFCH (14).jpg...
2025-08-15 11:23:12,510 [INFO]  -> Processed 167 - IFCH (14).jpg
2025-08-15 11:23:12,511 [INFO] Processando imagem: 169 - IFCH (14).jpg...
2025-08-15 11:23:13,008 [INFO]  -> Processed 169 - IFCH (14).jpg
2025-08-15 11:23:13,009 [INFO] Processando imagem: 170 - IFCH (14).jpg...
2025-08-15 11:23:13,452 [INFO]  -> Processed 170 - IFCH (14).jpg
2025-08-15 11:23:13,453 [INFO] Processando imagem: 171 - IFGW (12).jpg...
2025-08-15 11:23:13,946 [INFO]  -> Processed 171 - IFGW (12).jpg
2025-08-15 11:23:13,947 [INFO] Processando imagem: 172 - IFGW (12).jpg...
2025-08-15 11:23:14,461 [INFO]  -> Processed 172 - IFGW (12).jpg
2025-08-15 11:23:14,462 [INFO] Processando imagem: 173 - IFGW (12).jpg...
2025-08-15 11:23:14,928 [INFO]  -> Processed 173 - IFGW (12).jpg
2025-08-15 11:23:14,929 [INFO] Processando imagem: 174 - IFGW (12).jpg...
2025-08-15 11:23:15,418 [INFO]  -> Processed 174 - IFGW (12).jpg
2025-08-15 11:23:15,418 [INFO] Processando imagem: 175 - IFGW (12).jpg...
2025-08-15 11:23:15,937 [INFO]  -> Processed 175 - IFGW (12).jpg
2025-08-15 11:23:15,937 [INFO] Processando imagem: 176 - IFGW (12).jpg...
2025-08-15 11:23:16,401 [INFO]  -> Processed 176 - IFGW (12).jpg
2025-08-15 11:23:16,401 [INFO] Processando imagem: 177 - IFGW (12).jpg...
2025-08-15 11:23:16,881 [INFO]  -> Processed 177 - IFGW (12).jpg
2025-08-15 11:23:16,881 [INFO] Processando imagem: 178 - IFGW (12).jpg...
2025-08-15 11:23:17,371 [INFO]  -> Processed 178 - IFGW (12).jpg
2025-08-15 11:23:17,372 [INFO] Processando imagem: 179 - IFGW (12).jpg...
2025-08-15 11:23:17,857 [INFO]  -> Processed 179 - IFGW (12).jpg
2025-08-15 11:23:17,858 [INFO] Processando imagem: 180 - IFGW (12).jpg...
2025-08-15 11:23:18,348 [INFO]  -> Processed 180 - IFGW (12).jpg
2025-08-15 11:23:18,349 [INFO] Processando imagem: 181 - IFGW (12).jpg...
2025-08-15 11:23:18,819 [INFO]  -> Processed 181 - IFGW (12).jpg
2025-08-15 11:23:18,819 [INFO] Processando imagem: 182 - IMECC (13).jpg...
2025-08-15 11:23:19,283 [INFO]  -> Processed 182 - IMECC (13).jpg
2025-08-15 11:23:19,284 [INFO] Processando imagem: 183 - IMECC (13).jpg...
2025-08-15 11:23:19,874 [INFO]  -> Processed 183 - IMECC (13).jpg
2025-08-15 11:23:19,874 [INFO] Processando imagem: 184 - IMECC (13).jpg...
2025-08-15 11:23:20,382 [INFO]  -> Processed 184 - IMECC (13).jpg
2025-08-15 11:23:20,382 [INFO] Processando imagem: 185 - IMECC (13).jpg...
2025-08-15 11:23:20,738 [INFO]  -> Processed 185 - IMECC (13).jpg
2025-08-15 11:23:20,738 [INFO] Processando imagem: 186 - IMECC (13).jpg...
2025-08-15 11:23:21,026 [INFO]  -> Processed 186 - IMECC (13).jpg
2025-08-15 11:23:21,026 [INFO] Processando imagem: 187 - IMECC (13).jpg...
2025-08-15 11:23:21,290 [INFO]  -> Processed 187 - IMECC (13).jpg
2025-08-15 11:23:21,291 [INFO] Processando imagem: 188 - IMECC (13).jpg...
2025-08-15 11:23:21,602 [INFO]  -> Processed 188 - IMECC (13).jpg
2025-08-15 11:23:21,602 [INFO] Processando imagem: 189 - IMECC (13).jpg...
2025-08-15 11:23:21,873 [INFO]  -> Processed 189 - IMECC (13).jpg
2025-08-15 11:23:21,873 [INFO] Processando imagem: 190 - IMECC (13).jpg...
2025-08-15 11:23:22,367 [INFO]  -> Processed 190 - IMECC (13).jpg
2025-08-15 11:23:22,368 [INFO] Processando imagem: 191 - IMECC (13).jpg...
2025-08-15 11:23:22,885 [INFO]  -> Processed 191 - IMECC (13).jpg
2025-08-15 11:23:22,885 [INFO] Processando imagem: 192 - IMECC (13).jpg...
2025-08-15 11:23:23,366 [INFO]  -> Processed 192 - IMECC (13).jpg
2025-08-15 11:23:23,366 [INFO] Processando imagem: 193 - IMECC (13).jpg...
2025-08-15 11:23:23,849 [INFO]  -> Processed 193 - IMECC (13).jpg
2025-08-15 11:23:23,849 [INFO] Processando imagem: 194 - IMECC (13).jpg...
2025-08-15 11:23:24,360 [INFO]  -> Processed 194 - IMECC (13).jpg
2025-08-15 11:23:24,361 [INFO] Processando imagem: 195 - IMECC (13).jpg...
2025-08-15 11:23:24,898 [INFO]  -> Processed 195 - IMECC (13).jpg
2025-08-15 11:23:24,899 [INFO] Processando imagem: 196 - IMECC (13).jpg...
2025-08-15 11:23:25,463 [INFO]  -> Processed 196 - IMECC (13).jpg
2025-08-15 11:23:25,464 [INFO] Processando imagem: 197 - IMECC (13).jpg...
2025-08-15 11:23:25,814 [INFO]  -> Processed 197 - IMECC (13).jpg
2025-08-15 11:23:25,814 [INFO] Processando imagem: 198 - IMECC (13).jpg...
2025-08-15 11:23:26,147 [INFO]  -> Processed 198 - IMECC (13).jpg
2025-08-15 11:23:26,148 [INFO] Arquivo HTML gerado: C:\Users\327887\Documents\0000_RELATORIOS\0000_GERAL\250813\250815_Relatorio.html
2025-08-15 11:47:12,933 [INFO] Encontradas 191 imagens para processar em: C:\Users\327887\Documents\0000_RELATORIOS\0000_GERAL\250813
2025-08-15 11:47:12,946 [INFO] Processando imagem: 003 - FE (23).jpg...
2025-08-15 11:47:13,110 [INFO]  -> Processed 003 - FE (23).jpg
2025-08-15 11:47:13,110 [INFO] Processando imagem: 004 - FE (23).jpg...
2025-08-15 11:47:13,407 [INFO]  -> Processed 004 - FE (23).jpg
2025-08-15 11:47:13,408 [INFO] Processando imagem: 005 - FE (23).jpg...
2025-08-15 11:47:13,722 [INFO]  -> Processed 005 - FE (23).jpg
2025-08-15 11:47:13,722 [INFO] Processando imagem: 006 - FE (23).jpg...
2025-08-15 11:47:14,028 [INFO]  -> Processed 006 - FE (23).jpg
2025-08-15 11:47:14,029 [INFO] Processando imagem: 007 - FE (23).jpg...
2025-08-15 11:47:14,334 [INFO]  -> Processed 007 - FE (23).jpg
2025-08-15 11:47:14,334 [INFO] Processando imagem: 008 - FE (23).jpg...
2025-08-15 11:47:14,660 [INFO]  -> Processed 008 - FE (23).jpg
2025-08-15 11:47:14,661 [INFO] Processando imagem: 009 - FE (23).jpg...
2025-08-15 11:47:14,971 [INFO]  -> Processed 009 - FE (23).jpg
2025-08-15 11:47:14,971 [INFO] Processando imagem: 010 - FE (23).jpg...
2025-08-15 11:47:15,262 [INFO]  -> Processed 010 - FE (23).jpg
2025-08-15 11:47:15,262 [INFO] Processando imagem: 011 - FE (23).jpg...
2025-08-15 11:47:15,571 [INFO]  -> Processed 011 - FE (23).jpg
2025-08-15 11:47:15,571 [INFO] Processando imagem: 012 - FE (23).jpg...
2025-08-15 11:47:15,874 [INFO]  -> Processed 012 - FE (23).jpg
2025-08-15 11:47:15,874 [INFO] Processando imagem: 013 - FE (23).jpg...
2025-08-15 11:47:16,185 [INFO]  -> Processed 013 - FE (23).jpg
2025-08-15 11:47:16,185 [INFO] Processando imagem: 014 - FE (23).jpg...
2025-08-15 11:47:16,506 [INFO]  -> Processed 014 - FE (23).jpg
2025-08-15 11:47:16,507 [INFO] Processando imagem: 015 - FE (23).jpg...
2025-08-15 11:47:16,826 [INFO]  -> Processed 015 - FE (23).jpg
2025-08-15 11:47:16,826 [INFO] Processando imagem: 016 - FE (23).jpg...
2025-08-15 11:47:17,163 [INFO]  -> Processed 016 - FE (23).jpg
2025-08-15 11:47:17,164 [INFO] Processando imagem: 017 - FE (23).jpg...
2025-08-15 11:47:17,467 [INFO]  -> Processed 017 - FE (23).jpg
2025-08-15 11:47:17,467 [INFO] Processando imagem: 018 - FE (23).jpg...
2025-08-15 11:47:17,791 [INFO]  -> Processed 018 - FE (23).jpg
2025-08-15 11:47:17,792 [INFO] Processando imagem: 019 - FE (23).jpg...
2025-08-15 11:47:18,117 [INFO]  -> Processed 019 - FE (23).jpg
2025-08-15 11:47:18,118 [INFO] Processando imagem: 020 - FE (23).jpg...
2025-08-15 11:47:18,408 [INFO]  -> Processed 020 - FE (23).jpg
2025-08-15 11:47:18,408 [INFO] Processando imagem: 021 - FE (23).jpg...
2025-08-15 11:47:18,718 [INFO]  -> Processed 021 - FE (23).jpg
2025-08-15 11:47:18,718 [INFO] Processando imagem: 022 - FE (23).jpg...
2025-08-15 11:47:19,015 [INFO]  -> Processed 022 - FE (23).jpg
2025-08-15 11:47:19,015 [INFO] Processando imagem: 023 - FE (23).jpg...
2025-08-15 11:47:19,317 [INFO]  -> Processed 023 - FE (23).jpg
2025-08-15 11:47:19,318 [INFO] Processando imagem: 024 - FE (23).jpg...
2025-08-15 11:47:19,617 [INFO]  -> Processed 024 - FE (23).jpg
2025-08-15 11:47:19,617 [INFO] Processando imagem: 025 - FE (23).jpg...
2025-08-15 11:47:19,939 [INFO]  -> Processed 025 - FE (23).jpg
2025-08-15 11:47:19,939 [INFO] Processando imagem: 026 - FE (23).jpg...
2025-08-15 11:47:20,239 [INFO]  -> Processed 026 - FE (23).jpg
2025-08-15 11:47:20,239 [INFO] Processando imagem: 027 - FE (23).jpg...
2025-08-15 11:47:20,519 [INFO]  -> Processed 027 - FE (23).jpg
2025-08-15 11:47:20,519 [INFO] Processando imagem: 028 - FE (23).jpg...
2025-08-15 11:47:20,814 [INFO]  -> Processed 028 - FE (23).jpg
2025-08-15 11:47:20,814 [INFO] Processando imagem: 029 - FE (23).jpg...
2025-08-15 11:47:21,065 [INFO]  -> Processed 029 - FE (23).jpg
2025-08-15 11:47:21,065 [INFO] Processando imagem: 030 - FE (23).jpg...
2025-08-15 11:47:21,341 [INFO]  -> Processed 030 - FE (23).jpg
2025-08-15 11:47:21,341 [INFO] Processando imagem: 031 - FE (23).jpg...
2025-08-15 11:47:21,618 [INFO]  -> Processed 031 - FE (23).jpg
2025-08-15 11:47:21,618 [INFO] Processando imagem: 032 - FE (23).jpg...
2025-08-15 11:47:21,896 [INFO]  -> Processed 032 - FE (23).jpg
2025-08-15 11:47:21,897 [INFO] Processando imagem: 033 - FE (23).jpg...
2025-08-15 11:47:22,183 [INFO]  -> Processed 033 - FE (23).jpg
2025-08-15 11:47:22,183 [INFO] Processando imagem: 034 - FE (23).jpg...
2025-08-15 11:47:22,463 [INFO]  -> Processed 034 - FE (23).jpg
2025-08-15 11:47:22,464 [INFO] Processando imagem: 035 - FE (23).jpg...
2025-08-15 11:47:22,749 [INFO]  -> Processed 035 - FE (23).jpg
2025-08-15 11:47:22,749 [INFO] Processando imagem: 036 - FE (23).jpg...
2025-08-15 11:47:23,033 [INFO]  -> Processed 036 - FE (23).jpg
2025-08-15 11:47:23,033 [INFO] Processando imagem: 037 - FE (23).jpg...
2025-08-15 11:47:23,307 [INFO]  -> Processed 037 - FE (23).jpg
2025-08-15 11:47:23,307 [INFO] Processando imagem: 038 - FE (23).jpg...
2025-08-15 11:47:23,592 [INFO]  -> Processed 038 - FE (23).jpg
2025-08-15 11:47:23,592 [INFO] Processando imagem: 039 - FE (23).jpg...
2025-08-15 11:47:23,893 [INFO]  -> Processed 039 - FE (23).jpg
2025-08-15 11:47:23,893 [INFO] Processando imagem: 040 - FE (23).jpg...
2025-08-15 11:47:24,193 [INFO]  -> Processed 040 - FE (23).jpg
2025-08-15 11:47:24,193 [INFO] Processando imagem: 041 - FE (23).jpg...
2025-08-15 11:47:24,368 [INFO]  -> Processed 041 - FE (23).jpg
2025-08-15 11:47:24,368 [INFO] Processando imagem: 042 - FE (23).jpg...
2025-08-15 11:47:24,663 [INFO]  -> Processed 042 - FE (23).jpg
2025-08-15 11:47:24,663 [INFO] Processando imagem: 043 - FE (23).jpg...
2025-08-15 11:47:24,940 [INFO]  -> Processed 043 - FE (23).jpg
2025-08-15 11:47:24,941 [INFO] Processando imagem: 044 - FE (23).jpg...
2025-08-15 11:47:25,213 [INFO]  -> Processed 044 - FE (23).jpg
2025-08-15 11:47:25,213 [INFO] Processando imagem: 045 - FE (23).jpg...
2025-08-15 11:47:25,484 [INFO]  -> Processed 045 - FE (23).jpg
2025-08-15 11:47:25,484 [INFO] Processando imagem: 046 - FE (23).jpg...
2025-08-15 11:47:25,777 [INFO]  -> Processed 046 - FE (23).jpg
2025-08-15 11:47:25,777 [INFO] Processando imagem: 047 - FE (23).jpg...
2025-08-15 11:47:26,028 [INFO]  -> Processed 047 - FE (23).jpg
2025-08-15 11:47:26,028 [INFO] Processando imagem: 048 - FE (23).jpg...
2025-08-15 11:47:26,332 [INFO]  -> Processed 048 - FE (23).jpg
2025-08-15 11:47:26,332 [INFO] Processando imagem: 049 - FE (23).jpg...
2025-08-15 11:47:26,632 [INFO]  -> Processed 049 - FE (23).jpg
2025-08-15 11:47:26,632 [INFO] Processando imagem: 050 - FE (23).jpg...
2025-08-15 11:47:26,912 [INFO]  -> Processed 050 - FE (23).jpg
2025-08-15 11:47:26,912 [INFO] Processando imagem: 051 - FE (23).jpg...
2025-08-15 11:47:27,186 [INFO]  -> Processed 051 - FE (23).jpg
2025-08-15 11:47:27,186 [INFO] Processando imagem: 052 - FE (23).jpg...
2025-08-15 11:47:27,476 [INFO]  -> Processed 052 - FE (23).jpg
2025-08-15 11:47:27,476 [INFO] Processando imagem: 053 - FE (23).jpg...
2025-08-15 11:47:27,760 [INFO]  -> Processed 053 - FE (23).jpg
2025-08-15 11:47:27,760 [INFO] Processando imagem: 054 - FE (23).jpg...
2025-08-15 11:47:28,054 [INFO]  -> Processed 054 - FE (23).jpg
2025-08-15 11:47:28,054 [INFO] Processando imagem: 055 - FE (23).jpg...
2025-08-15 11:47:28,340 [INFO]  -> Processed 055 - FE (23).jpg
2025-08-15 11:47:28,340 [INFO] Processando imagem: 056 - FE (23).jpg...
2025-08-15 11:47:28,618 [INFO]  -> Processed 056 - FE (23).jpg
2025-08-15 11:47:28,619 [INFO] Processando imagem: 057 - FE (23).jpg...
2025-08-15 11:47:28,906 [INFO]  -> Processed 057 - FE (23).jpg
2025-08-15 11:47:28,906 [INFO] Processando imagem: 058 - FE (23).jpg...
2025-08-15 11:47:29,188 [INFO]  -> Processed 058 - FE (23).jpg
2025-08-15 11:47:29,188 [INFO] Processando imagem: 059 - FE (23).jpg...
2025-08-15 11:47:29,467 [INFO]  -> Processed 059 - FE (23).jpg
2025-08-15 11:47:29,468 [INFO] Processando imagem: 060 - FE (23).jpg...
2025-08-15 11:47:29,764 [INFO]  -> Processed 060 - FE (23).jpg
2025-08-15 11:47:29,764 [INFO] Processando imagem: 061 - FE (23).jpg...
2025-08-15 11:47:30,051 [INFO]  -> Processed 061 - FE (23).jpg
2025-08-15 11:47:30,051 [INFO] Processando imagem: 062 - FE (23).jpg...
2025-08-15 11:47:30,345 [INFO]  -> Processed 062 - FE (23).jpg
2025-08-15 11:47:30,345 [INFO] Processando imagem: 063 - FE (23).jpg...
2025-08-15 11:47:30,643 [INFO]  -> Processed 063 - FE (23).jpg
2025-08-15 11:47:30,643 [INFO] Processando imagem: 064 - FE (23).jpg...
2025-08-15 11:47:30,832 [INFO]  -> Processed 064 - FE (23).jpg
2025-08-15 11:47:30,833 [INFO] Processando imagem: 065 - FE (23).jpg...
2025-08-15 11:47:31,144 [INFO]  -> Processed 065 - FE (23).jpg
2025-08-15 11:47:31,145 [INFO] Processando imagem: 066 - FE (23).jpg...
2025-08-15 11:47:31,474 [INFO]  -> Processed 066 - FE (23).jpg
2025-08-15 11:47:31,474 [INFO] Processando imagem: 067 - FE (23).jpg...
2025-08-15 11:47:31,784 [INFO]  -> Processed 067 - FE (23).jpg
2025-08-15 11:47:31,784 [INFO] Processando imagem: 068 - FE (23).jpg...
2025-08-15 11:47:32,067 [INFO]  -> Processed 068 - FE (23).jpg
2025-08-15 11:47:32,068 [INFO] Processando imagem: 069 - FE (23).jpg...
2025-08-15 11:47:32,377 [INFO]  -> Processed 069 - FE (23).jpg
2025-08-15 11:47:32,377 [INFO] Processando imagem: 070 - FE (23).jpg...
2025-08-15 11:47:32,707 [INFO]  -> Processed 070 - FE (23).jpg
2025-08-15 11:47:32,707 [INFO] Processando imagem: 071 - FE (23).jpg...
2025-08-15 11:47:32,965 [INFO]  -> Processed 071 - FE (23).jpg
2025-08-15 11:47:32,965 [INFO] Processando imagem: 072 - FE (23).jpg...
2025-08-15 11:47:33,247 [INFO]  -> Processed 072 - FE (23).jpg
2025-08-15 11:47:33,247 [INFO] Processando imagem: 073 - FE (23).jpg...
2025-08-15 11:47:33,528 [INFO]  -> Processed 073 - FE (23).jpg
2025-08-15 11:47:33,529 [INFO] Processando imagem: 074 - FE (23).jpg...
2025-08-15 11:47:33,802 [INFO]  -> Processed 074 - FE (23).jpg
2025-08-15 11:47:33,803 [INFO] Processando imagem: 075 - FE (23).jpg...
2025-08-15 11:47:34,064 [INFO]  -> Processed 075 - FE (23).jpg
2025-08-15 11:47:34,064 [INFO] Processando imagem: 076 - FE (23).jpg...
2025-08-15 11:47:34,338 [INFO]  -> Processed 076 - FE (23).jpg
2025-08-15 11:47:34,338 [INFO] Processando imagem: 077 - FE (23).jpg...
2025-08-15 11:47:34,632 [INFO]  -> Processed 077 - FE (23).jpg
2025-08-15 11:47:34,632 [INFO] Processando imagem: 078 - FE (23).jpg...
2025-08-15 11:47:34,918 [INFO]  -> Processed 078 - FE (23).jpg
2025-08-15 11:47:34,918 [INFO] Processando imagem: 079 - FE (23).jpg...
2025-08-15 11:47:35,210 [INFO]  -> Processed 079 - FE (23).jpg
2025-08-15 11:47:35,210 [INFO] Processando imagem: 080 - FE (23).jpg...
2025-08-15 11:47:35,398 [INFO]  -> Processed 080 - FE (23).jpg
2025-08-15 11:47:35,398 [INFO] Processando imagem: 081 - HC-CAISM (03).jpg...
2025-08-15 11:47:35,693 [INFO]  -> Processed 081 - HC-CAISM (03).jpg
2025-08-15 11:47:35,693 [INFO] Processando imagem: 082 - HC-CAISM (03).jpg...
2025-08-15 11:47:36,003 [INFO]  -> Processed 082 - HC-CAISM (03).jpg
2025-08-15 11:47:36,003 [INFO] Processando imagem: 083 - HC-CAISM (03).jpg...
2025-08-15 11:47:36,317 [INFO]  -> Processed 083 - HC-CAISM (03).jpg
2025-08-15 11:47:36,317 [INFO] Processando imagem: 084 - HC-CAISM (03).jpg...
2025-08-15 11:47:36,556 [INFO]  -> Processed 084 - HC-CAISM (03).jpg
2025-08-15 11:47:36,556 [INFO] Processando imagem: 085 - HC-CAISM (03).jpg...
2025-08-15 11:47:36,810 [INFO]  -> Processed 085 - HC-CAISM (03).jpg
2025-08-15 11:47:36,810 [INFO] Processando imagem: 088 - HC-CAISM (03).jpg...
2025-08-15 11:47:37,072 [INFO]  -> Processed 088 - HC-CAISM (03).jpg
2025-08-15 11:47:37,072 [INFO] Processando imagem: 089 - HC-CAISM (03).jpg...
2025-08-15 11:47:37,356 [INFO]  -> Processed 089 - HC-CAISM (03).jpg
2025-08-15 11:47:37,369 [INFO] Processando imagem: 090 - HC-CAISM (03).jpg...
2025-08-15 11:47:37,653 [INFO]  -> Processed 090 - HC-CAISM (03).jpg
2025-08-15 11:47:37,653 [INFO] Processando imagem: 091 - HC-CAISM (03).jpg...
2025-08-15 11:47:37,938 [INFO]  -> Processed 091 - HC-CAISM (03).jpg
2025-08-15 11:47:37,938 [INFO] Processando imagem: 092 - HC-CAISM (03).jpg...
2025-08-15 11:47:38,110 [INFO]  -> Processed 092 - HC-CAISM (03).jpg
2025-08-15 11:47:38,110 [INFO] Processando imagem: 093 - HC-CAISM (03).jpg...
2025-08-15 11:47:38,422 [INFO]  -> Processed 093 - HC-CAISM (03).jpg
2025-08-15 11:47:38,422 [INFO] Processando imagem: 094 - HC-CAISM (03).jpg...
2025-08-15 11:47:38,745 [INFO]  -> Processed 094 - HC-CAISM (03).jpg
2025-08-15 11:47:38,745 [INFO] Processando imagem: 095 - HC-CAISM (03).jpg...
2025-08-15 11:47:39,064 [INFO]  -> Processed 095 - HC-CAISM (03).jpg
2025-08-15 11:47:39,064 [INFO] Processando imagem: 096 - HC-CAISM (03).jpg...
2025-08-15 11:47:39,256 [INFO]  -> Processed 096 - HC-CAISM (03).jpg
2025-08-15 11:47:39,256 [INFO] Processando imagem: 097 - HC-CAISM (03).jpg...
2025-08-15 11:47:39,581 [INFO]  -> Processed 097 - HC-CAISM (03).jpg
2025-08-15 11:47:39,581 [INFO] Processando imagem: 098 - HC-CAISM (03).jpg...
2025-08-15 11:47:39,869 [INFO]  -> Processed 098 - HC-CAISM (03).jpg
2025-08-15 11:47:39,869 [INFO] Processando imagem: 099 - HC-CAISM (03).jpg...
2025-08-15 11:47:40,042 [INFO]  -> Processed 099 - HC-CAISM (03).jpg
2025-08-15 11:47:40,043 [INFO] Processando imagem: 100 - HC-CAISM (03).jpg...
2025-08-15 11:47:40,371 [INFO]  -> Processed 100 - HC-CAISM (03).jpg
2025-08-15 11:47:40,371 [INFO] Processando imagem: 101 - HC-CAISM (03).jpg...
2025-08-15 11:47:40,568 [INFO]  -> Processed 101 - HC-CAISM (03).jpg
2025-08-15 11:47:40,568 [INFO] Processando imagem: 102 - HC-CAISM (03).jpg...
2025-08-15 11:47:40,865 [INFO]  -> Processed 102 - HC-CAISM (03).jpg
2025-08-15 11:47:40,865 [INFO] Processando imagem: 103 - HC-CAISM (03).jpg...
2025-08-15 11:47:41,174 [INFO]  -> Processed 103 - HC-CAISM (03).jpg
2025-08-15 11:47:41,174 [INFO] Processando imagem: 104 - HC-CAISM (03).jpg...
2025-08-15 11:47:41,473 [INFO]  -> Processed 104 - HC-CAISM (03).jpg
2025-08-15 11:47:41,473 [INFO] Processando imagem: 105 - HC-CAISM (03).jpg...
2025-08-15 11:47:41,763 [INFO]  -> Processed 105 - HC-CAISM (03).jpg
2025-08-15 11:47:41,763 [INFO] Processando imagem: 106 - HC-CAISM (03).jpg...
2025-08-15 11:47:42,044 [INFO]  -> Processed 106 - HC-CAISM (03).jpg
2025-08-15 11:47:42,044 [INFO] Processando imagem: 107 - HC-CAISM (03).jpg...
2025-08-15 11:47:42,364 [INFO]  -> Processed 107 - HC-CAISM (03).jpg
2025-08-15 11:47:42,365 [INFO] Processando imagem: 108 - HC-CAISM (03).jpg...
2025-08-15 11:47:42,661 [INFO]  -> Processed 108 - HC-CAISM (03).jpg
2025-08-15 11:47:42,661 [INFO] Processando imagem: 109 - HC-CAISM (03).jpg...
2025-08-15 11:47:42,949 [INFO]  -> Processed 109 - HC-CAISM (03).jpg
2025-08-15 11:47:42,949 [INFO] Processando imagem: 110 - HC-CAISM (03).jpg...
2025-08-15 11:47:43,158 [INFO]  -> Processed 110 - HC-CAISM (03).jpg
2025-08-15 11:47:43,158 [INFO] Processando imagem: 111 - HC-CAISM (03).jpg...
2025-08-15 11:47:43,459 [INFO]  -> Processed 111 - HC-CAISM (03).jpg
2025-08-15 11:47:43,460 [INFO] Processando imagem: 112 - HC-CAISM (03).jpg...
2025-08-15 11:47:43,774 [INFO]  -> Processed 112 - HC-CAISM (03).jpg
2025-08-15 11:47:43,774 [INFO] Processando imagem: 113 - HC-CAISM (03).jpg...
2025-08-15 11:47:44,078 [INFO]  -> Processed 113 - HC-CAISM (03).jpg
2025-08-15 11:47:44,078 [INFO] Processando imagem: 114 - HC-CAISM (03).jpg...
2025-08-15 11:47:44,386 [INFO]  -> Processed 114 - HC-CAISM (03).jpg
2025-08-15 11:47:44,386 [INFO] Processando imagem: 115 - HC-CAISM (03).jpg...
2025-08-15 11:47:44,689 [INFO]  -> Processed 115 - HC-CAISM (03).jpg
2025-08-15 11:47:44,689 [INFO] Processando imagem: 116 - HC-CAISM (03).jpg...
2025-08-15 11:47:44,992 [INFO]  -> Processed 116 - HC-CAISM (03).jpg
2025-08-15 11:47:44,993 [INFO] Processando imagem: 117 - HC-CAISM (03).jpg...
2025-08-15 11:47:45,298 [INFO]  -> Processed 117 - HC-CAISM (03).jpg
2025-08-15 11:47:45,298 [INFO] Processando imagem: 118 - HC-CAISM (03).jpg...
2025-08-15 11:47:45,607 [INFO]  -> Processed 118 - HC-CAISM (03).jpg
2025-08-15 11:47:45,608 [INFO] Processando imagem: 119 - HC-CAISM (03).jpg...
2025-08-15 11:47:45,911 [INFO]  -> Processed 119 - HC-CAISM (03).jpg
2025-08-15 11:47:45,911 [INFO] Processando imagem: 120 - HC-CAISM (03).jpg...
2025-08-15 11:47:46,213 [INFO]  -> Processed 120 - HC-CAISM (03).jpg
2025-08-15 11:47:46,214 [INFO] Processando imagem: 121 - HC-CAISM (03).jpg...
2025-08-15 11:47:46,527 [INFO]  -> Processed 121 - HC-CAISM (03).jpg
2025-08-15 11:47:46,527 [INFO] Processando imagem: 122 - HC-CAISM (03).jpg...
2025-08-15 11:47:46,781 [INFO]  -> Processed 122 - HC-CAISM (03).jpg
2025-08-15 11:47:46,781 [INFO] Processando imagem: 123 - HC-CAISM (03).jpg...
2025-08-15 11:47:47,045 [INFO]  -> Processed 123 - HC-CAISM (03).jpg
2025-08-15 11:47:47,045 [INFO] Processando imagem: 124 - HC-CAISM (03).jpg...
2025-08-15 11:47:47,305 [INFO]  -> Processed 124 - HC-CAISM (03).jpg
2025-08-15 11:47:47,306 [INFO] Processando imagem: 125 - HC-CAISM (03).jpg...
2025-08-15 11:47:47,585 [INFO]  -> Processed 125 - HC-CAISM (03).jpg
2025-08-15 11:47:47,585 [INFO] Processando imagem: 126 - HC-CAISM (03).jpg...
2025-08-15 11:47:47,899 [INFO]  -> Processed 126 - HC-CAISM (03).jpg
2025-08-15 11:47:47,900 [INFO] Processando imagem: 127 - HC-CAISM (03).jpg...
2025-08-15 11:47:48,213 [INFO]  -> Processed 127 - HC-CAISM (03).jpg
2025-08-15 11:47:48,213 [INFO] Processando imagem: 128 - HC-CAISM (03).jpg...
2025-08-15 11:47:48,520 [INFO]  -> Processed 128 - HC-CAISM (03).jpg
2025-08-15 11:47:48,520 [INFO] Processando imagem: 129 - HC-CAISM (03).jpg...
2025-08-15 11:47:48,825 [INFO]  -> Processed 129 - HC-CAISM (03).jpg
2025-08-15 11:47:48,825 [INFO] Processando imagem: 132 - HC-CAISM (03).jpg...
2025-08-15 11:47:49,127 [INFO]  -> Processed 132 - HC-CAISM (03).jpg
2025-08-15 11:47:49,127 [INFO] Processando imagem: 133 - HC-CAISM (03).jpg...
2025-08-15 11:47:49,431 [INFO]  -> Processed 133 - HC-CAISM (03).jpg
2025-08-15 11:47:49,431 [INFO] Processando imagem: 134 - HC-CAISM (03).jpg...
2025-08-15 11:47:49,767 [INFO]  -> Processed 134 - HC-CAISM (03).jpg
2025-08-15 11:47:49,767 [INFO] Processando imagem: 135 - HC-CAISM (03).jpg...
2025-08-15 11:47:50,103 [INFO]  -> Processed 135 - HC-CAISM (03).jpg
2025-08-15 11:47:50,103 [INFO] Processando imagem: 136 - HC-CAISM (03).jpg...
2025-08-15 11:47:50,440 [INFO]  -> Processed 136 - HC-CAISM (03).jpg
2025-08-15 11:47:50,440 [INFO] Processando imagem: 137 - HC-CAISM (03).jpg...
2025-08-15 11:47:50,770 [INFO]  -> Processed 137 - HC-CAISM (03).jpg
2025-08-15 11:47:50,770 [INFO] Processando imagem: 138 - HC-CAISM (03).jpg...
2025-08-15 11:47:51,103 [INFO]  -> Processed 138 - HC-CAISM (03).jpg
2025-08-15 11:47:51,103 [INFO] Processando imagem: 139 - IEL (15).jpg...
2025-08-15 11:47:51,405 [INFO]  -> Processed 139 - IEL (15).jpg
2025-08-15 11:47:51,405 [INFO] Processando imagem: 140 - IEL (15).jpg...
2025-08-15 11:47:51,578 [INFO]  -> Processed 140 - IEL (15).jpg
2025-08-15 11:47:51,578 [INFO] Processando imagem: 141 - IEL (15).jpg...
2025-08-15 11:47:51,861 [INFO]  -> Processed 141 - IEL (15).jpg
2025-08-15 11:47:51,872 [INFO] Processando imagem: 142 - IEL (15).jpg...
2025-08-15 11:47:52,164 [INFO]  -> Processed 142 - IEL (15).jpg
2025-08-15 11:47:52,164 [INFO] Processando imagem: 143 - IEL (15).jpg...
2025-08-15 11:47:52,438 [INFO]  -> Processed 143 - IEL (15).jpg
2025-08-15 11:47:52,439 [INFO] Processando imagem: 144 - IEL (15).jpg...
2025-08-15 11:47:52,728 [INFO]  -> Processed 144 - IEL (15).jpg
2025-08-15 11:47:52,729 [INFO] Processando imagem: 145 - IEL (15).jpg...
2025-08-15 11:47:53,035 [INFO]  -> Processed 145 - IEL (15).jpg
2025-08-15 11:47:53,036 [INFO] Processando imagem: 146 - IEL (15).jpg...
2025-08-15 11:47:53,358 [INFO]  -> Processed 146 - IEL (15).jpg
2025-08-15 11:47:53,358 [INFO] Processando imagem: 147 - IEL (15).jpg...
2025-08-15 11:47:53,683 [INFO]  -> Processed 147 - IEL (15).jpg
2025-08-15 11:47:53,683 [INFO] Processando imagem: 148 - IEL (15).jpg...
2025-08-15 11:47:53,878 [INFO]  -> Processed 148 - IEL (15).jpg
2025-08-15 11:47:53,878 [INFO] Processando imagem: 149 - IEL (15).jpg...
2025-08-15 11:47:54,149 [INFO]  -> Processed 149 - IEL (15).jpg
2025-08-15 11:47:54,149 [INFO] Processando imagem: 150 - IEL (15).jpg...
2025-08-15 11:47:54,420 [INFO]  -> Processed 150 - IEL (15).jpg
2025-08-15 11:47:54,421 [INFO] Processando imagem: 151 - IEL (15).jpg...
2025-08-15 11:47:54,688 [INFO]  -> Processed 151 - IEL (15).jpg
2025-08-15 11:47:54,688 [INFO] Processando imagem: 152 - IEL (15).jpg...
2025-08-15 11:47:54,970 [INFO]  -> Processed 152 - IEL (15).jpg
2025-08-15 11:47:54,970 [INFO] Processando imagem: 153 - IEL (15).jpg...
2025-08-15 11:47:55,244 [INFO]  -> Processed 153 - IEL (15).jpg
2025-08-15 11:47:55,244 [INFO] Processando imagem: 154 - IEL (15).jpg...
2025-08-15 11:47:55,515 [INFO]  -> Processed 154 - IEL (15).jpg
2025-08-15 11:47:55,515 [INFO] Processando imagem: 155 - IEL (15).jpg...
2025-08-15 11:47:55,804 [INFO]  -> Processed 155 - IEL (15).jpg
2025-08-15 11:47:55,804 [INFO] Processando imagem: 156 - IEL (15).jpg...
2025-08-15 11:47:56,077 [INFO]  -> Processed 156 - IEL (15).jpg
2025-08-15 11:47:56,077 [INFO] Processando imagem: 157 - IEL (15).jpg...
2025-08-15 11:47:56,365 [INFO]  -> Processed 157 - IEL (15).jpg
2025-08-15 11:47:56,365 [INFO] Processando imagem: 158 - IEL (15).jpg...
2025-08-15 11:47:56,660 [INFO]  -> Processed 158 - IEL (15).jpg
2025-08-15 11:47:56,660 [INFO] Processando imagem: 159 - IEL (15).jpg...
2025-08-15 11:47:56,852 [INFO]  -> Processed 159 - IEL (15).jpg
2025-08-15 11:47:56,852 [INFO] Processando imagem: 160 - IFCH (14).jpg...
2025-08-15 11:47:57,135 [INFO]  -> Processed 160 - IFCH (14).jpg
2025-08-15 11:47:57,136 [INFO] Processando imagem: 161 - IFCH (14).jpg...
2025-08-15 11:47:57,416 [INFO]  -> Processed 161 - IFCH (14).jpg
2025-08-15 11:47:57,416 [INFO] Processando imagem: 162 - IFCH (14).jpg...
2025-08-15 11:47:57,728 [INFO]  -> Processed 162 - IFCH (14).jpg
2025-08-15 11:47:57,729 [INFO] Processando imagem: 163 - IFCH (14).jpg...
2025-08-15 11:47:58,031 [INFO]  -> Processed 163 - IFCH (14).jpg
2025-08-15 11:47:58,032 [INFO] Processando imagem: 164 - IFCH (14).jpg...
2025-08-15 11:47:58,354 [INFO]  -> Processed 164 - IFCH (14).jpg
2025-08-15 11:47:58,354 [INFO] Processando imagem: 165 - IFCH (14).jpg...
2025-08-15 11:47:58,642 [INFO]  -> Processed 165 - IFCH (14).jpg
2025-08-15 11:47:58,643 [INFO] Processando imagem: 166 - IFCH (14).jpg...
2025-08-15 11:47:58,911 [INFO]  -> Processed 166 - IFCH (14).jpg
2025-08-15 11:47:58,911 [INFO] Processando imagem: 167 - IFCH (14).jpg...
2025-08-15 11:47:59,219 [INFO]  -> Processed 167 - IFCH (14).jpg
2025-08-15 11:47:59,219 [INFO] Processando imagem: 169 - IFCH (14).jpg...
2025-08-15 11:47:59,529 [INFO]  -> Processed 169 - IFCH (14).jpg
2025-08-15 11:47:59,529 [INFO] Processando imagem: 170 - IFCH (14).jpg...
2025-08-15 11:47:59,794 [INFO]  -> Processed 170 - IFCH (14).jpg
2025-08-15 11:47:59,795 [INFO] Processando imagem: 171 - IFGW (12).jpg...
2025-08-15 11:48:00,091 [INFO]  -> Processed 171 - IFGW (12).jpg
2025-08-15 11:48:00,091 [INFO] Processando imagem: 172 - IFGW (12).jpg...
2025-08-15 11:48:00,391 [INFO]  -> Processed 172 - IFGW (12).jpg
2025-08-15 11:48:00,391 [INFO] Processando imagem: 173 - IFGW (12).jpg...
2025-08-15 11:48:00,672 [INFO]  -> Processed 173 - IFGW (12).jpg
2025-08-15 11:48:00,673 [INFO] Processando imagem: 174 - IFGW (12).jpg...
2025-08-15 11:48:00,954 [INFO]  -> Processed 174 - IFGW (12).jpg
2025-08-15 11:48:00,954 [INFO] Processando imagem: 175 - IFGW (12).jpg...
2025-08-15 11:48:01,271 [INFO]  -> Processed 175 - IFGW (12).jpg
2025-08-15 11:48:01,271 [INFO] Processando imagem: 176 - IFGW (12).jpg...
2025-08-15 11:48:01,551 [INFO]  -> Processed 176 - IFGW (12).jpg
2025-08-15 11:48:01,552 [INFO] Processando imagem: 177 - IFGW (12).jpg...
2025-08-15 11:48:01,842 [INFO]  -> Processed 177 - IFGW (12).jpg
2025-08-15 11:48:01,842 [INFO] Processando imagem: 178 - IFGW (12).jpg...
2025-08-15 11:48:02,119 [INFO]  -> Processed 178 - IFGW (12).jpg
2025-08-15 11:48:02,119 [INFO] Processando imagem: 179 - IFGW (12).jpg...
2025-08-15 11:48:02,414 [INFO]  -> Processed 179 - IFGW (12).jpg
2025-08-15 11:48:02,414 [INFO] Processando imagem: 180 - IFGW (12).jpg...
2025-08-15 11:48:02,705 [INFO]  -> Processed 180 - IFGW (12).jpg
2025-08-15 11:48:02,705 [INFO] Processando imagem: 181 - IFGW (12).jpg...
2025-08-15 11:48:02,993 [INFO]  -> Processed 181 - IFGW (12).jpg
2025-08-15 11:48:02,993 [INFO] Processando imagem: 182 - IMECC (13).jpg...
2025-08-15 11:48:03,264 [INFO]  -> Processed 182 - IMECC (13).jpg
2025-08-15 11:48:03,264 [INFO] Processando imagem: 183 - IMECC (13).jpg...
2025-08-15 11:48:03,589 [INFO]  -> Processed 183 - IMECC (13).jpg
2025-08-15 11:48:03,589 [INFO] Processando imagem: 184 - IMECC (13).jpg...
2025-08-15 11:48:03,889 [INFO]  -> Processed 184 - IMECC (13).jpg
2025-08-15 11:48:03,890 [INFO] Processando imagem: 185 - IMECC (13).jpg...
2025-08-15 11:48:04,183 [INFO]  -> Processed 185 - IMECC (13).jpg
2025-08-15 11:48:04,183 [INFO] Processando imagem: 186 - IMECC (13).jpg...
2025-08-15 11:48:04,465 [INFO]  -> Processed 186 - IMECC (13).jpg
2025-08-15 11:48:04,465 [INFO] Processando imagem: 187 - IMECC (13).jpg...
2025-08-15 11:48:04,727 [INFO]  -> Processed 187 - IMECC (13).jpg
2025-08-15 11:48:04,727 [INFO] Processando imagem: 188 - IMECC (13).jpg...
2025-08-15 11:48:05,042 [INFO]  -> Processed 188 - IMECC (13).jpg
2025-08-15 11:48:05,042 [INFO] Processando imagem: 189 - IMECC (13).jpg...
2025-08-15 11:48:05,312 [INFO]  -> Processed 189 - IMECC (13).jpg
2025-08-15 11:48:05,312 [INFO] Processando imagem: 190 - IMECC (13).jpg...
2025-08-15 11:48:05,616 [INFO]  -> Processed 190 - IMECC (13).jpg
2025-08-15 11:48:05,617 [INFO] Processando imagem: 191 - IMECC (13).jpg...
2025-08-15 11:48:05,919 [INFO]  -> Processed 191 - IMECC (13).jpg
2025-08-15 11:48:05,919 [INFO] Processando imagem: 192 - IMECC (13).jpg...
2025-08-15 11:48:06,202 [INFO]  -> Processed 192 - IMECC (13).jpg
2025-08-15 11:48:06,203 [INFO] Processando imagem: 193 - IMECC (13).jpg...
2025-08-15 11:48:06,482 [INFO]  -> Processed 193 - IMECC (13).jpg
2025-08-15 11:48:06,482 [INFO] Processando imagem: 194 - IMECC (13).jpg...
2025-08-15 11:48:06,794 [INFO]  -> Processed 194 - IMECC (13).jpg
2025-08-15 11:48:06,794 [INFO] Processando imagem: 195 - IMECC (13).jpg...
2025-08-15 11:48:06,983 [INFO]  -> Processed 195 - IMECC (13).jpg
2025-08-15 11:48:06,984 [INFO] Processando imagem: 196 - IMECC (13).jpg...
2025-08-15 11:48:07,295 [INFO]  -> Processed 196 - IMECC (13).jpg
2025-08-15 11:48:07,296 [INFO] Processando imagem: 197 - IMECC (13).jpg...
2025-08-15 11:48:07,596 [INFO]  -> Processed 197 - IMECC (13).jpg
2025-08-15 11:48:07,597 [INFO] Processando imagem: 198 - IMECC (13).jpg...
2025-08-15 11:48:07,907 [INFO]  -> Processed 198 - IMECC (13).jpg
2025-08-15 11:48:07,908 [INFO] Arquivo HTML gerado: C:\Users\327887\Documents\0000_RELATORIOS\0000_GERAL\250813\250815_Relatorio.html
2025-08-19 11:48:24,946 [INFO] Encontradas 59 imagens para processar em: C:\Users\327887\Documents\0000_RELATORIOS\0000_GERAL\250819
2025-08-19 11:48:24,956 [INFO] Processando imagem: 003 - IB (19).jpg...
2025-08-19 11:48:25,116 [INFO]  -> Processed 003 - IB (19).jpg
2025-08-19 11:48:25,116 [INFO] Processando imagem: 004 - IB (19).jpg...
2025-08-19 11:48:25,288 [INFO]  -> Processed 004 - IB (19).jpg
2025-08-19 11:48:25,289 [INFO] Processando imagem: 005 - IB (19).jpg...
2025-08-19 11:48:25,451 [INFO]  -> Processed 005 - IB (19).jpg
2025-08-19 11:48:25,451 [INFO] Processando imagem: 006 - IB (19).jpg...
2025-08-19 11:48:25,631 [INFO]  -> Processed 006 - IB (19).jpg
2025-08-19 11:48:25,631 [INFO] Processando imagem: 007 - IB (19).jpg...
2025-08-19 11:48:25,802 [INFO]  -> Processed 007 - IB (19).jpg
2025-08-19 11:48:25,803 [INFO] Processando imagem: 008 - IB (19).jpg...
2025-08-19 11:48:25,979 [INFO]  -> Processed 008 - IB (19).jpg
2025-08-19 11:48:25,980 [INFO] Processando imagem: 009 - IB (19).jpg...
2025-08-19 11:48:26,149 [INFO]  -> Processed 009 - IB (19).jpg
2025-08-19 11:48:26,149 [INFO] Processando imagem: 010 - IB (19).jpg...
2025-08-19 11:48:26,312 [INFO]  -> Processed 010 - IB (19).jpg
2025-08-19 11:48:26,312 [INFO] Processando imagem: 011 - IB (19).jpg...
2025-08-19 11:48:26,483 [INFO]  -> Processed 011 - IB (19).jpg
2025-08-19 11:48:26,483 [INFO] Processando imagem: 012 - IB (19).jpg...
2025-08-19 11:48:26,654 [INFO]  -> Processed 012 - IB (19).jpg
2025-08-19 11:48:26,654 [INFO] Processando imagem: 013 - IB (19).jpg...
2025-08-19 11:48:26,847 [INFO]  -> Processed 013 - IB (19).jpg
2025-08-19 11:48:26,847 [INFO] Processando imagem: 014 - IB (19).jpg...
2025-08-19 11:48:27,024 [INFO]  -> Processed 014 - IB (19).jpg
2025-08-19 11:48:27,024 [INFO] Processando imagem: 015 - IB (19).jpg...
2025-08-19 11:48:27,219 [INFO]  -> Processed 015 - IB (19).jpg
2025-08-19 11:48:27,219 [INFO] Processando imagem: 016 - IB (19).jpg...
2025-08-19 11:48:27,404 [INFO]  -> Processed 016 - IB (19).jpg
2025-08-19 11:48:27,405 [INFO] Processando imagem: 017 - IB (19).jpg...
2025-08-19 11:48:27,550 [INFO]  -> Processed 017 - IB (19).jpg
2025-08-19 11:48:27,550 [INFO] Processando imagem: 018 - IB (19).jpg...
2025-08-19 11:48:27,723 [INFO]  -> Processed 018 - IB (19).jpg
2025-08-19 11:48:27,723 [INFO] Processando imagem: 019 - IB (19).jpg...
2025-08-19 11:48:27,906 [INFO]  -> Processed 019 - IB (19).jpg
2025-08-19 11:48:27,906 [INFO] Processando imagem: 020 - IB (19).jpg...
2025-08-19 11:48:28,102 [INFO]  -> Processed 020 - IB (19).jpg
2025-08-19 11:48:28,102 [INFO] Processando imagem: 021 - IB (19).jpg...
2025-08-19 11:48:28,304 [INFO]  -> Processed 021 - IB (19).jpg
2025-08-19 11:48:28,304 [INFO] Processando imagem: 022 - IB (19).jpg...
2025-08-19 11:48:28,505 [INFO]  -> Processed 022 - IB (19).jpg
2025-08-19 11:48:28,505 [INFO] Processando imagem: 023 - IB (19).jpg...
2025-08-19 11:48:28,675 [INFO]  -> Processed 023 - IB (19).jpg
2025-08-19 11:48:28,675 [INFO] Processando imagem: 024 - IB (19).jpg...
2025-08-19 11:48:28,876 [INFO]  -> Processed 024 - IB (19).jpg
2025-08-19 11:48:28,877 [INFO] Processando imagem: 025 - IB (19).jpg...
2025-08-19 11:48:29,051 [INFO]  -> Processed 025 - IB (19).jpg
2025-08-19 11:48:29,052 [INFO] Processando imagem: 026 - IB (19).jpg...
2025-08-19 11:48:29,253 [INFO]  -> Processed 026 - IB (19).jpg
2025-08-19 11:48:29,253 [INFO] Processando imagem: 027 - IB (19).jpg...
2025-08-19 11:48:29,421 [INFO]  -> Processed 027 - IB (19).jpg
2025-08-19 11:48:29,422 [INFO] Processando imagem: 028 - IB (19).jpg...
2025-08-19 11:48:29,606 [INFO]  -> Processed 028 - IB (19).jpg
2025-08-19 11:48:29,607 [INFO] Processando imagem: 029 - IB (19).jpg...
2025-08-19 11:48:29,813 [INFO]  -> Processed 029 - IB (19).jpg
2025-08-19 11:48:29,814 [INFO] Processando imagem: 030 - IB (19).jpg...
2025-08-19 11:48:29,991 [INFO]  -> Processed 030 - IB (19).jpg
2025-08-19 11:48:29,992 [INFO] Processando imagem: 031 - IB (19).jpg...
2025-08-19 11:48:30,184 [INFO]  -> Processed 031 - IB (19).jpg
2025-08-19 11:48:30,184 [INFO] Processando imagem: 032 - IB (19).jpg...
2025-08-19 11:48:30,381 [INFO]  -> Processed 032 - IB (19).jpg
2025-08-19 11:48:30,382 [INFO] Processando imagem: 033 - IB (19).jpg...
2025-08-19 11:48:30,578 [INFO]  -> Processed 033 - IB (19).jpg
2025-08-19 11:48:30,579 [INFO] Processando imagem: 034 - IB (19).jpg...
2025-08-19 11:48:30,776 [INFO]  -> Processed 034 - IB (19).jpg
2025-08-19 11:48:30,776 [INFO] Processando imagem: 035 - IB (19).jpg...
2025-08-19 11:48:30,972 [INFO]  -> Processed 035 - IB (19).jpg
2025-08-19 11:48:30,974 [INFO] Processando imagem: 036 - IB (19).jpg...
2025-08-19 11:48:31,160 [INFO]  -> Processed 036 - IB (19).jpg
2025-08-19 11:48:31,161 [INFO] Processando imagem: 037 - IB (19).jpg...
2025-08-19 11:48:31,332 [INFO]  -> Processed 037 - IB (19).jpg
2025-08-19 11:48:31,333 [INFO] Processando imagem: 038 - IB (19).jpg...
2025-08-19 11:48:31,522 [INFO]  -> Processed 038 - IB (19).jpg
2025-08-19 11:48:31,523 [INFO] Processando imagem: 040 - IB (19).jpg...
2025-08-19 11:48:31,698 [INFO]  -> Processed 040 - IB (19).jpg
2025-08-19 11:48:31,699 [INFO] Processando imagem: 042 - IB (19).jpg...
2025-08-19 11:48:31,865 [INFO]  -> Processed 042 - IB (19).jpg
2025-08-19 11:48:31,866 [INFO] Processando imagem: 043 - IB (19).jpg...
2025-08-19 11:48:32,030 [INFO]  -> Processed 043 - IB (19).jpg
2025-08-19 11:48:32,031 [INFO] Processando imagem: 044 - IB (19).jpg...
2025-08-19 11:48:32,191 [INFO]  -> Processed 044 - IB (19).jpg
2025-08-19 11:48:32,192 [INFO] Processando imagem: 045 - IB (19).jpg...
2025-08-19 11:48:32,356 [INFO]  -> Processed 045 - IB (19).jpg
2025-08-19 11:48:32,356 [INFO] Processando imagem: 046 - IB (19).jpg...
2025-08-19 11:48:32,519 [INFO]  -> Processed 046 - IB (19).jpg
2025-08-19 11:48:32,519 [INFO] Processando imagem: 047 - IB (19).jpg...
2025-08-19 11:48:32,713 [INFO]  -> Processed 047 - IB (19).jpg
2025-08-19 11:48:32,716 [INFO] Processando imagem: 048 - IB (19).jpg...
2025-08-19 11:48:32,899 [INFO]  -> Processed 048 - IB (19).jpg
2025-08-19 11:48:32,900 [INFO] Processando imagem: 049 - IB (19).jpg...
2025-08-19 11:48:33,094 [INFO]  -> Processed 049 - IB (19).jpg
2025-08-19 11:48:33,094 [INFO] Processando imagem: 050 - IB (19).jpg...
2025-08-19 11:48:33,259 [INFO]  -> Processed 050 - IB (19).jpg
2025-08-19 11:48:33,259 [INFO] Processando imagem: 052 - IB (19).jpg...
2025-08-19 11:48:33,440 [INFO]  -> Processed 052 - IB (19).jpg
2025-08-19 11:48:33,441 [INFO] Processando imagem: 053 - IB (19).jpg...
2025-08-19 11:48:33,638 [INFO]  -> Processed 053 - IB (19).jpg
2025-08-19 11:48:33,639 [INFO] Processando imagem: 054 - IB (19).jpg...
2025-08-19 11:48:33,831 [INFO]  -> Processed 054 - IB (19).jpg
2025-08-19 11:48:33,832 [INFO] Processando imagem: 055 - IB (19).jpg...
2025-08-19 11:48:34,011 [INFO]  -> Processed 055 - IB (19).jpg
2025-08-19 11:48:34,011 [INFO] Processando imagem: 056 - IB (19).jpg...
2025-08-19 11:48:34,182 [INFO]  -> Processed 056 - IB (19).jpg
2025-08-19 11:48:34,182 [INFO] Processando imagem: 057 - IB (19).jpg...
2025-08-19 11:48:34,358 [INFO]  -> Processed 057 - IB (19).jpg
2025-08-19 11:48:34,359 [INFO] Processando imagem: 058 - IB (19).jpg...
2025-08-19 11:48:34,546 [INFO]  -> Processed 058 - IB (19).jpg
2025-08-19 11:48:34,547 [INFO] Processando imagem: 059 - IB (19).jpg...
2025-08-19 11:48:34,743 [INFO]  -> Processed 059 - IB (19).jpg
2025-08-19 11:48:34,743 [INFO] Processando imagem: 060 - IB (19).jpg...
2025-08-19 11:48:34,938 [INFO]  -> Processed 060 - IB (19).jpg
2025-08-19 11:48:34,938 [INFO] Processando imagem: 061 - IB (19).jpg...
2025-08-19 11:48:35,114 [INFO]  -> Processed 061 - IB (19).jpg
2025-08-19 11:48:35,114 [INFO] Processando imagem: 062 - IB (19).jpg...
2025-08-19 11:48:35,301 [INFO]  -> Processed 062 - IB (19).jpg
2025-08-19 11:48:35,301 [INFO] Processando imagem: 063 - IB (19).jpg...
2025-08-19 11:48:35,498 [INFO]  -> Processed 063 - IB (19).jpg
2025-08-19 11:48:35,498 [INFO] Processando imagem: 064 - IB (19).jpg...
2025-08-19 11:48:35,688 [INFO]  -> Processed 064 - IB (19).jpg
2025-08-19 11:48:35,688 [INFO] Arquivo HTML gerado: C:\Users\327887\Documents\0000_RELATORIOS\0000_GERAL\250819\250819_Relatorio.html
2025-08-19 15:32:34,323 [INFO] Encontradas 48 imagens para processar em: C:\Users\327887\Documents\0000_RELATORIOS\0000_GERAL\250819\Tarde
2025-08-19 15:32:34,332 [INFO] Processando imagem: 002 - Balão FCM.jpg...
2025-08-19 15:32:34,498 [INFO]  -> Processed 002 - Balão FCM.jpg
2025-08-19 15:32:34,498 [INFO] Processando imagem: 004 - CECOM - GASTROCENTRO (31).jpg...
2025-08-19 15:32:34,697 [INFO]  -> Processed 004 - CECOM - GASTROCENTRO (31).jpg
2025-08-19 15:32:34,697 [INFO] Processando imagem: 005 - CECOM - GASTROCENTRO (31).jpg...
2025-08-19 15:32:34,876 [INFO]  -> Processed 005 - CECOM - GASTROCENTRO (31).jpg
2025-08-19 15:32:34,876 [INFO] Processando imagem: 006 - CECOM - GASTROCENTRO (31).jpg...
2025-08-19 15:32:35,050 [INFO]  -> Processed 006 - CECOM - GASTROCENTRO (31).jpg
2025-08-19 15:32:35,050 [INFO] Processando imagem: 007 - CECOM - GASTROCENTRO (31).jpg...
2025-08-19 15:32:35,222 [INFO]  -> Processed 007 - CECOM - GASTROCENTRO (31).jpg
2025-08-19 15:32:35,222 [INFO] Processando imagem: 008 - CECOM - GASTROCENTRO (31).jpg...
2025-08-19 15:32:35,412 [INFO]  -> Processed 008 - CECOM - GASTROCENTRO (31).jpg
2025-08-19 15:32:35,412 [INFO] Processando imagem: 009 - CECOM - GASTROCENTRO (31).jpg...
2025-08-19 15:32:35,586 [INFO]  -> Processed 009 - CECOM - GASTROCENTRO (31).jpg
2025-08-19 15:32:35,586 [INFO] Processando imagem: 010 - CECOM - GASTROCENTRO (31).jpg...
2025-08-19 15:32:35,763 [INFO]  -> Processed 010 - CECOM - GASTROCENTRO (31).jpg
2025-08-19 15:32:35,764 [INFO] Processando imagem: 011 - CECOM - GASTROCENTRO (31).jpg...
2025-08-19 15:32:35,933 [INFO]  -> Processed 011 - CECOM - GASTROCENTRO (31).jpg
2025-08-19 15:32:35,933 [INFO] Processando imagem: 012 - CECOM - HEMOCENTRO (31).jpg...
2025-08-19 15:32:36,109 [INFO]  -> Processed 012 - CECOM - HEMOCENTRO (31).jpg
2025-08-19 15:32:36,109 [INFO] Processando imagem: 013 - CECOM - HEMOCENTRO (31).jpg...
2025-08-19 15:32:36,275 [INFO]  -> Processed 013 - CECOM - HEMOCENTRO (31).jpg
2025-08-19 15:32:36,276 [INFO] Processando imagem: 014 - CECOM - HEMOCENTRO (31).jpg...
2025-08-19 15:32:36,451 [INFO]  -> Processed 014 - CECOM - HEMOCENTRO (31).jpg
2025-08-19 15:32:36,451 [INFO] Processando imagem: 015 - CECOM - HEMOCENTRO (31).jpg...
2025-08-19 15:32:36,633 [INFO]  -> Processed 015 - CECOM - HEMOCENTRO (31).jpg
2025-08-19 15:32:36,634 [INFO] Processando imagem: 016 - CECOM - HEMOCENTRO (31).jpg...
2025-08-19 15:32:36,791 [INFO]  -> Processed 016 - CECOM - HEMOCENTRO (31).jpg
2025-08-19 15:32:36,791 [INFO] Processando imagem: 017 - CECOM - HEMOCENTRO (31).jpg...
2025-08-19 15:32:36,972 [INFO]  -> Processed 017 - CECOM - HEMOCENTRO (31).jpg
2025-08-19 15:32:36,972 [INFO] Processando imagem: 020 - CECOM - HEMOCENTRO (31).jpg...
2025-08-19 15:32:37,172 [INFO]  -> Processed 020 - CECOM - HEMOCENTRO (31).jpg
2025-08-19 15:32:37,173 [INFO] Processando imagem: 021 - CECOM - HEMOCENTRO (31).jpg...
2025-08-19 15:32:37,347 [INFO]  -> Processed 021 - CECOM - HEMOCENTRO (31).jpg
2025-08-19 15:32:37,347 [INFO] Processando imagem: 022 - CECOM - HEMOCENTRO (31).jpg...
2025-08-19 15:32:37,492 [INFO]  -> Processed 022 - CECOM - HEMOCENTRO (31).jpg
2025-08-19 15:32:37,493 [INFO] Processando imagem: 023 - CECOM - HEMOCENTRO (31).jpg...
2025-08-19 15:32:37,663 [INFO]  -> Processed 023 - CECOM - HEMOCENTRO (31).jpg
2025-08-19 15:32:37,663 [INFO] Processando imagem: 031 - Fazenda Argent. (INOVA).jpg...
2025-08-19 15:32:37,846 [INFO]  -> Processed 031 - Fazenda Argent. (INOVA).jpg
2025-08-19 15:32:37,846 [INFO] Processando imagem: 032 - Fazenda Argent. (INOVA).jpg...
2025-08-19 15:32:38,026 [INFO]  -> Processed 032 - Fazenda Argent. (INOVA).jpg
2025-08-19 15:32:38,026 [INFO] Processando imagem: 033 - Fazenda Argent. (INOVA).jpg...
2025-08-19 15:32:38,198 [INFO]  -> Processed 033 - Fazenda Argent. (INOVA).jpg
2025-08-19 15:32:38,198 [INFO] Processando imagem: 034 - Fazenda Argent. (INOVA).jpg...
2025-08-19 15:32:38,372 [INFO]  -> Processed 034 - Fazenda Argent. (INOVA).jpg
2025-08-19 15:32:38,373 [INFO] Processando imagem: 035 - Fazenda Argent. (INOVA).jpg...
2025-08-19 15:32:38,547 [INFO]  -> Processed 035 - Fazenda Argent. (INOVA).jpg
2025-08-19 15:32:38,547 [INFO] Processando imagem: 036 - Fazenda Argent. (INOVA).jpg...
2025-08-19 15:32:38,751 [INFO]  -> Processed 036 - Fazenda Argent. (INOVA).jpg
2025-08-19 15:32:38,751 [INFO] Processando imagem: 037 - Fazenda Argent. (INOVA).jpg...
2025-08-19 15:32:38,927 [INFO]  -> Processed 037 - Fazenda Argent. (INOVA).jpg
2025-08-19 15:32:38,928 [INFO] Processando imagem: 038 - Fazenda Argent. (INOVA).jpg...
2025-08-19 15:32:39,101 [INFO]  -> Processed 038 - Fazenda Argent. (INOVA).jpg
2025-08-19 15:32:39,101 [INFO] Processando imagem: 039 - Fazenda Argent. (INOVA).jpg...
2025-08-19 15:32:39,271 [INFO]  -> Processed 039 - Fazenda Argent. (INOVA).jpg
2025-08-19 15:32:39,271 [INFO] Processando imagem: 040 - Fazenda Argent. (INOVA).jpg...
2025-08-19 15:32:39,465 [INFO]  -> Processed 040 - Fazenda Argent. (INOVA).jpg
2025-08-19 15:32:39,466 [INFO] Processando imagem: 041 - Fazenda Argent. (INOVA).jpg...
2025-08-19 15:32:39,639 [INFO]  -> Processed 041 - Fazenda Argent. (INOVA).jpg
2025-08-19 15:32:39,639 [INFO] Processando imagem: 042 - Fazenda Argent. (INOVA).jpg...
2025-08-19 15:32:39,812 [INFO]  -> Processed 042 - Fazenda Argent. (INOVA).jpg
2025-08-19 15:32:39,813 [INFO] Processando imagem: 043 - Fazenda Argent. (INOVA).jpg...
2025-08-19 15:32:39,997 [INFO]  -> Processed 043 - Fazenda Argent. (INOVA).jpg
2025-08-19 15:32:39,997 [INFO] Processando imagem: 044 - HC-CAISM (03).jpg...
2025-08-19 15:32:40,167 [INFO]  -> Processed 044 - HC-CAISM (03).jpg
2025-08-19 15:32:40,167 [INFO] Processando imagem: 045 - HC-CAISM (03).jpg...
2025-08-19 15:32:40,332 [INFO]  -> Processed 045 - HC-CAISM (03).jpg
2025-08-19 15:32:40,332 [INFO] Processando imagem: 046 - HC-CAISM (03).jpg...
2025-08-19 15:32:40,489 [INFO]  -> Processed 046 - HC-CAISM (03).jpg
2025-08-19 15:32:40,490 [INFO] Processando imagem: 047 - HC-CAISM (03).jpg...
2025-08-19 15:32:40,653 [INFO]  -> Processed 047 - HC-CAISM (03).jpg
2025-08-19 15:32:40,653 [INFO] Processando imagem: 048 - HC-CAISM (03).jpg...
2025-08-19 15:32:40,829 [INFO]  -> Processed 048 - HC-CAISM (03).jpg
2025-08-19 15:32:40,829 [INFO] Processando imagem: 049 - HC-CAISM (03).jpg...
2025-08-19 15:32:40,990 [INFO]  -> Processed 049 - HC-CAISM (03).jpg
2025-08-19 15:32:40,990 [INFO] Processando imagem: 050 - HC-CAISM (03).jpg...
2025-08-19 15:32:41,162 [INFO]  -> Processed 050 - HC-CAISM (03).jpg
2025-08-19 15:32:41,162 [INFO] Processando imagem: 051 - HC-CAISM (03).jpg...
2025-08-19 15:32:41,330 [INFO]  -> Processed 051 - HC-CAISM (03).jpg
2025-08-19 15:32:41,330 [INFO] Processando imagem: 052 - HC-CAISM (03).jpg...
2025-08-19 15:32:41,497 [INFO]  -> Processed 052 - HC-CAISM (03).jpg
2025-08-19 15:32:41,498 [INFO] Processando imagem: 053 - HC-CAISM (03).jpg...
2025-08-19 15:32:41,665 [INFO]  -> Processed 053 - HC-CAISM (03).jpg
2025-08-19 15:32:41,666 [INFO] Processando imagem: 054 - HC-CAISM (03).jpg...
2025-08-19 15:32:41,827 [INFO]  -> Processed 054 - HC-CAISM (03).jpg
2025-08-19 15:32:41,828 [INFO] Processando imagem: 055 - HC-CAISM (03).jpg...
2025-08-19 15:32:41,980 [INFO]  -> Processed 055 - HC-CAISM (03).jpg
2025-08-19 15:32:41,981 [INFO] Processando imagem: 056 - HC-CAISM (03).jpg...
2025-08-19 15:32:42,148 [INFO]  -> Processed 056 - HC-CAISM (03).jpg
2025-08-19 15:32:42,148 [INFO] Processando imagem: 057 - HC-CAISM (03).jpg...
2025-08-19 15:32:42,292 [INFO]  -> Processed 057 - HC-CAISM (03).jpg
2025-08-19 15:32:42,292 [INFO] Processando imagem: 059 - HC-CAISM (03).jpg...
2025-08-19 15:32:42,460 [INFO]  -> Processed 059 - HC-CAISM (03).jpg
2025-08-19 15:32:42,460 [INFO] Processando imagem: 060 - HC-CAISM (03).jpg...
2025-08-19 15:32:42,623 [INFO]  -> Processed 060 - HC-CAISM (03).jpg
2025-08-19 15:32:42,624 [INFO] Arquivo HTML gerado: C:\Users\327887\Documents\0000_RELATORIOS\0000_GERAL\250819\Tarde\250819_Relatorio.html
2025-08-19 15:38:24,673 [INFO] Encontradas 48 imagens para processar em: C:\Users\327887\Documents\0000_RELATORIOS\0000_GERAL\250819\Tarde
2025-08-19 15:38:24,686 [INFO] Processando imagem: 002 - Balão FCM.jpg...
2025-08-19 15:38:24,854 [INFO]  -> Processed 002 - Balão FCM.jpg
2025-08-19 15:38:24,855 [INFO] Processando imagem: 004 - CECOM - GASTROCENTRO (31).jpg...
2025-08-19 15:38:25,057 [INFO]  -> Processed 004 - CECOM - GASTROCENTRO (31).jpg
2025-08-19 15:38:25,058 [INFO] Processando imagem: 005 - CECOM - GASTROCENTRO (31).jpg...
2025-08-19 15:38:25,354 [INFO]  -> Processed 005 - CECOM - GASTROCENTRO (31).jpg
2025-08-19 15:38:25,355 [INFO] Processando imagem: 006 - CECOM - GASTROCENTRO (31).jpg...
2025-08-19 15:38:25,642 [INFO]  -> Processed 006 - CECOM - GASTROCENTRO (31).jpg
2025-08-19 15:38:25,642 [INFO] Processando imagem: 007 - CECOM - GASTROCENTRO (31).jpg...
2025-08-19 15:38:25,931 [INFO]  -> Processed 007 - CECOM - GASTROCENTRO (31).jpg
2025-08-19 15:38:25,931 [INFO] Processando imagem: 008 - CECOM - GASTROCENTRO (31).jpg...
2025-08-19 15:38:26,239 [INFO]  -> Processed 008 - CECOM - GASTROCENTRO (31).jpg
2025-08-19 15:38:26,239 [INFO] Processando imagem: 009 - CECOM - GASTROCENTRO (31).jpg...
2025-08-19 15:38:26,415 [INFO]  -> Processed 009 - CECOM - GASTROCENTRO (31).jpg
2025-08-19 15:38:26,415 [INFO] Processando imagem: 010 - CECOM - GASTROCENTRO (31).jpg...
2025-08-19 15:38:26,593 [INFO]  -> Processed 010 - CECOM - GASTROCENTRO (31).jpg
2025-08-19 15:38:26,593 [INFO] Processando imagem: 011 - CECOM - GASTROCENTRO (31).jpg...
2025-08-19 15:38:26,884 [INFO]  -> Processed 011 - CECOM - GASTROCENTRO (31).jpg
2025-08-19 15:38:26,885 [INFO] Processando imagem: 012 - CECOM - HEMOCENTRO (31).jpg...
2025-08-19 15:38:27,186 [INFO]  -> Processed 012 - CECOM - HEMOCENTRO (31).jpg
2025-08-19 15:38:27,187 [INFO] Processando imagem: 013 - CECOM - HEMOCENTRO (31).jpg...
2025-08-19 15:38:27,464 [INFO]  -> Processed 013 - CECOM - HEMOCENTRO (31).jpg
2025-08-19 15:38:27,464 [INFO] Processando imagem: 014 - CECOM - HEMOCENTRO (31).jpg...
2025-08-19 15:38:27,755 [INFO]  -> Processed 014 - CECOM - HEMOCENTRO (31).jpg
2025-08-19 15:38:27,755 [INFO] Processando imagem: 015 - CECOM - HEMOCENTRO (31).jpg...
2025-08-19 15:38:28,056 [INFO]  -> Processed 015 - CECOM - HEMOCENTRO (31).jpg
2025-08-19 15:38:28,056 [INFO] Processando imagem: 016 - CECOM - HEMOCENTRO (31).jpg...
2025-08-19 15:38:28,212 [INFO]  -> Processed 016 - CECOM - HEMOCENTRO (31).jpg
2025-08-19 15:38:28,212 [INFO] Processando imagem: 017 - CECOM - HEMOCENTRO (31).jpg...
2025-08-19 15:38:28,522 [INFO]  -> Processed 017 - CECOM - HEMOCENTRO (31).jpg
2025-08-19 15:38:28,523 [INFO] Processando imagem: 020 - CECOM - HEMOCENTRO (31).jpg...
2025-08-19 15:38:28,854 [INFO]  -> Processed 020 - CECOM - HEMOCENTRO (31).jpg
2025-08-19 15:38:28,855 [INFO] Processando imagem: 021 - CECOM - HEMOCENTRO (31).jpg...
2025-08-19 15:38:29,137 [INFO]  -> Processed 021 - CECOM - HEMOCENTRO (31).jpg
2025-08-19 15:38:29,137 [INFO] Processando imagem: 022 - CECOM - HEMOCENTRO (31).jpg...
2025-08-19 15:38:29,385 [INFO]  -> Processed 022 - CECOM - HEMOCENTRO (31).jpg
2025-08-19 15:38:29,385 [INFO] Processando imagem: 023 - CECOM - HEMOCENTRO (31).jpg...
2025-08-19 15:38:29,670 [INFO]  -> Processed 023 - CECOM - HEMOCENTRO (31).jpg
2025-08-19 15:38:29,670 [INFO] Processando imagem: 031 - Fazenda Argent. (INOVA).jpg...
2025-08-19 15:38:29,989 [INFO]  -> Processed 031 - Fazenda Argent. (INOVA).jpg
2025-08-19 15:38:29,989 [INFO] Processando imagem: 032 - Fazenda Argent. (INOVA).jpg...
2025-08-19 15:38:30,304 [INFO]  -> Processed 032 - Fazenda Argent. (INOVA).jpg
2025-08-19 15:38:30,304 [INFO] Processando imagem: 033 - Fazenda Argent. (INOVA).jpg...
2025-08-19 15:38:30,486 [INFO]  -> Processed 033 - Fazenda Argent. (INOVA).jpg
2025-08-19 15:38:30,486 [INFO] Processando imagem: 034 - Fazenda Argent. (INOVA).jpg...
2025-08-19 15:38:30,681 [INFO]  -> Processed 034 - Fazenda Argent. (INOVA).jpg
2025-08-19 15:38:30,682 [INFO] Processando imagem: 035 - Fazenda Argent. (INOVA).jpg...
2025-08-19 15:38:30,976 [INFO]  -> Processed 035 - Fazenda Argent. (INOVA).jpg
2025-08-19 15:38:30,977 [INFO] Processando imagem: 036 - Fazenda Argent. (INOVA).jpg...
2025-08-19 15:38:31,310 [INFO]  -> Processed 036 - Fazenda Argent. (INOVA).jpg
2025-08-19 15:38:31,310 [INFO] Processando imagem: 037 - Fazenda Argent. (INOVA).jpg...
2025-08-19 15:38:31,612 [INFO]  -> Processed 037 - Fazenda Argent. (INOVA).jpg
2025-08-19 15:38:31,612 [INFO] Processando imagem: 038 - Fazenda Argent. (INOVA).jpg...
2025-08-19 15:38:31,933 [INFO]  -> Processed 038 - Fazenda Argent. (INOVA).jpg
2025-08-19 15:38:31,934 [INFO] Processando imagem: 039 - Fazenda Argent. (INOVA).jpg...
2025-08-19 15:38:32,240 [INFO]  -> Processed 039 - Fazenda Argent. (INOVA).jpg
2025-08-19 15:38:32,240 [INFO] Processando imagem: 040 - Fazenda Argent. (INOVA).jpg...
2025-08-19 15:38:32,556 [INFO]  -> Processed 040 - Fazenda Argent. (INOVA).jpg
2025-08-19 15:38:32,557 [INFO] Processando imagem: 041 - Fazenda Argent. (INOVA).jpg...
2025-08-19 15:38:32,846 [INFO]  -> Processed 041 - Fazenda Argent. (INOVA).jpg
2025-08-19 15:38:32,846 [INFO] Processando imagem: 042 - Fazenda Argent. (INOVA).jpg...
2025-08-19 15:38:33,023 [INFO]  -> Processed 042 - Fazenda Argent. (INOVA).jpg
2025-08-19 15:38:33,023 [INFO] Processando imagem: 043 - Fazenda Argent. (INOVA).jpg...
2025-08-19 15:38:33,206 [INFO]  -> Processed 043 - Fazenda Argent. (INOVA).jpg
2025-08-19 15:38:33,206 [INFO] Processando imagem: 044 - HC-CAISM (03).jpg...
2025-08-19 15:38:33,503 [INFO]  -> Processed 044 - HC-CAISM (03).jpg
2025-08-19 15:38:33,503 [INFO] Processando imagem: 045 - HC-CAISM (03).jpg...
2025-08-19 15:38:33,785 [INFO]  -> Processed 045 - HC-CAISM (03).jpg
2025-08-19 15:38:33,785 [INFO] Processando imagem: 046 - HC-CAISM (03).jpg...
2025-08-19 15:38:34,043 [INFO]  -> Processed 046 - HC-CAISM (03).jpg
2025-08-19 15:38:34,044 [INFO] Processando imagem: 047 - HC-CAISM (03).jpg...
2025-08-19 15:38:34,318 [INFO]  -> Processed 047 - HC-CAISM (03).jpg
2025-08-19 15:38:34,318 [INFO] Processando imagem: 048 - HC-CAISM (03).jpg...
2025-08-19 15:38:34,617 [INFO]  -> Processed 048 - HC-CAISM (03).jpg
2025-08-19 15:38:34,618 [INFO] Processando imagem: 049 - HC-CAISM (03).jpg...
2025-08-19 15:38:35,071 [INFO]  -> Processed 049 - HC-CAISM (03).jpg
2025-08-19 15:38:35,072 [INFO] Processando imagem: 050 - HC-CAISM (03).jpg...
2025-08-19 15:38:35,529 [INFO]  -> Processed 050 - HC-CAISM (03).jpg
2025-08-19 15:38:35,530 [INFO] Processando imagem: 051 - HC-CAISM (03).jpg...
2025-08-19 15:38:35,811 [INFO]  -> Processed 051 - HC-CAISM (03).jpg
2025-08-19 15:38:35,811 [INFO] Processando imagem: 052 - HC-CAISM (03).jpg...
2025-08-19 15:38:36,267 [INFO]  -> Processed 052 - HC-CAISM (03).jpg
2025-08-19 15:38:36,267 [INFO] Processando imagem: 053 - HC-CAISM (03).jpg...
2025-08-19 15:38:36,736 [INFO]  -> Processed 053 - HC-CAISM (03).jpg
2025-08-19 15:38:36,736 [INFO] Processando imagem: 054 - HC-CAISM (03).jpg...
2025-08-19 15:38:37,160 [INFO]  -> Processed 054 - HC-CAISM (03).jpg
2025-08-19 15:38:37,161 [INFO] Processando imagem: 055 - HC-CAISM (03).jpg...
2025-08-19 15:38:37,578 [INFO]  -> Processed 055 - HC-CAISM (03).jpg
2025-08-19 15:38:37,579 [INFO] Processando imagem: 056 - HC-CAISM (03).jpg...
2025-08-19 15:38:38,041 [INFO]  -> Processed 056 - HC-CAISM (03).jpg
2025-08-19 15:38:38,041 [INFO] Processando imagem: 057 - HC-CAISM (03).jpg...
2025-08-19 15:38:38,297 [INFO]  -> Processed 057 - HC-CAISM (03).jpg
2025-08-19 15:38:38,298 [INFO] Processando imagem: 059 - HC-CAISM (03).jpg...
2025-08-19 15:38:38,771 [INFO]  -> Processed 059 - HC-CAISM (03).jpg
2025-08-19 15:38:38,772 [INFO] Processando imagem: 060 - HC-CAISM (03).jpg...
2025-08-19 15:38:39,207 [INFO]  -> Processed 060 - HC-CAISM (03).jpg
2025-08-19 15:38:39,208 [INFO] Arquivo HTML gerado: C:\Users\327887\Documents\0000_RELATORIOS\0000_GERAL\250819\Tarde\250819_Relatorio.html
2025-08-19 15:41:07,203 [INFO] Encontradas 48 imagens para processar em: C:\Users\327887\Documents\0000_RELATORIOS\0000_GERAL\250819\Tarde
2025-08-19 15:41:07,214 [INFO] Processando imagem: 002 - Balão FCM.jpg...
2025-08-19 15:41:07,382 [INFO]  -> Processed 002 - Balão FCM.jpg
2025-08-19 15:41:07,382 [INFO] Processando imagem: 004 - CECOM - GASTROCENTRO (31).jpg...
2025-08-19 15:41:07,713 [INFO]  -> Processed 004 - CECOM - GASTROCENTRO (31).jpg
2025-08-19 15:41:07,714 [INFO] Processando imagem: 005 - CECOM - GASTROCENTRO (31).jpg...
2025-08-19 15:41:08,009 [INFO]  -> Processed 005 - CECOM - GASTROCENTRO (31).jpg
2025-08-19 15:41:08,009 [INFO] Processando imagem: 006 - CECOM - GASTROCENTRO (31).jpg...
2025-08-19 15:41:08,303 [INFO]  -> Processed 006 - CECOM - GASTROCENTRO (31).jpg
2025-08-19 15:41:08,304 [INFO] Processando imagem: 007 - CECOM - GASTROCENTRO (31).jpg...
2025-08-19 15:41:08,591 [INFO]  -> Processed 007 - CECOM - GASTROCENTRO (31).jpg
2025-08-19 15:41:08,591 [INFO] Processando imagem: 008 - CECOM - GASTROCENTRO (31).jpg...
2025-08-19 15:41:08,906 [INFO]  -> Processed 008 - CECOM - GASTROCENTRO (31).jpg
2025-08-19 15:41:08,907 [INFO] Processando imagem: 009 - CECOM - GASTROCENTRO (31).jpg...
2025-08-19 15:41:09,204 [INFO]  -> Processed 009 - CECOM - GASTROCENTRO (31).jpg
2025-08-19 15:41:09,204 [INFO] Processando imagem: 010 - CECOM - GASTROCENTRO (31).jpg...
2025-08-19 15:41:09,516 [INFO]  -> Processed 010 - CECOM - GASTROCENTRO (31).jpg
2025-08-19 15:41:09,517 [INFO] Processando imagem: 011 - CECOM - GASTROCENTRO (31).jpg...
2025-08-19 15:41:09,818 [INFO]  -> Processed 011 - CECOM - GASTROCENTRO (31).jpg
2025-08-19 15:41:09,818 [INFO] Processando imagem: 012 - CECOM - HEMOCENTRO (31).jpg...
2025-08-19 15:41:10,127 [INFO]  -> Processed 012 - CECOM - HEMOCENTRO (31).jpg
2025-08-19 15:41:10,127 [INFO] Processando imagem: 013 - CECOM - HEMOCENTRO (31).jpg...
2025-08-19 15:41:10,423 [INFO]  -> Processed 013 - CECOM - HEMOCENTRO (31).jpg
2025-08-19 15:41:10,423 [INFO] Processando imagem: 014 - CECOM - HEMOCENTRO (31).jpg...
2025-08-19 15:41:10,729 [INFO]  -> Processed 014 - CECOM - HEMOCENTRO (31).jpg
2025-08-19 15:41:10,729 [INFO] Processando imagem: 015 - CECOM - HEMOCENTRO (31).jpg...
2025-08-19 15:41:11,036 [INFO]  -> Processed 015 - CECOM - HEMOCENTRO (31).jpg
2025-08-19 15:41:11,036 [INFO] Processando imagem: 016 - CECOM - HEMOCENTRO (31).jpg...
2025-08-19 15:41:11,316 [INFO]  -> Processed 016 - CECOM - HEMOCENTRO (31).jpg
2025-08-19 15:41:11,316 [INFO] Processando imagem: 017 - CECOM - HEMOCENTRO (31).jpg...
2025-08-19 15:41:11,634 [INFO]  -> Processed 017 - CECOM - HEMOCENTRO (31).jpg
2025-08-19 15:41:11,634 [INFO] Processando imagem: 020 - CECOM - HEMOCENTRO (31).jpg...
2025-08-19 15:41:11,973 [INFO]  -> Processed 020 - CECOM - HEMOCENTRO (31).jpg
2025-08-19 15:41:11,973 [INFO] Processando imagem: 021 - CECOM - HEMOCENTRO (31).jpg...
2025-08-19 15:41:12,282 [INFO]  -> Processed 021 - CECOM - HEMOCENTRO (31).jpg
2025-08-19 15:41:12,282 [INFO] Processando imagem: 022 - CECOM - HEMOCENTRO (31).jpg...
2025-08-19 15:41:12,544 [INFO]  -> Processed 022 - CECOM - HEMOCENTRO (31).jpg
2025-08-19 15:41:12,544 [INFO] Processando imagem: 023 - CECOM - HEMOCENTRO (31).jpg...
2025-08-19 15:41:12,843 [INFO]  -> Processed 023 - CECOM - HEMOCENTRO (31).jpg
2025-08-19 15:41:12,844 [INFO] Processando imagem: 031 - Fazenda Argent. (INOVA).jpg...
2025-08-19 15:41:13,151 [INFO]  -> Processed 031 - Fazenda Argent. (INOVA).jpg
2025-08-19 15:41:13,152 [INFO] Processando imagem: 032 - Fazenda Argent. (INOVA).jpg...
2025-08-19 15:41:13,451 [INFO]  -> Processed 032 - Fazenda Argent. (INOVA).jpg
2025-08-19 15:41:13,451 [INFO] Processando imagem: 033 - Fazenda Argent. (INOVA).jpg...
2025-08-19 15:41:13,746 [INFO]  -> Processed 033 - Fazenda Argent. (INOVA).jpg
2025-08-19 15:41:13,746 [INFO] Processando imagem: 034 - Fazenda Argent. (INOVA).jpg...
2025-08-19 15:41:14,036 [INFO]  -> Processed 034 - Fazenda Argent. (INOVA).jpg
2025-08-19 15:41:14,037 [INFO] Processando imagem: 035 - Fazenda Argent. (INOVA).jpg...
2025-08-19 15:41:14,321 [INFO]  -> Processed 035 - Fazenda Argent. (INOVA).jpg
2025-08-19 15:41:14,322 [INFO] Processando imagem: 036 - Fazenda Argent. (INOVA).jpg...
2025-08-19 15:41:14,920 [INFO]  -> Processed 036 - Fazenda Argent. (INOVA).jpg
2025-08-19 15:41:14,920 [INFO] Processando imagem: 037 - Fazenda Argent. (INOVA).jpg...
2025-08-19 15:41:15,425 [INFO]  -> Processed 037 - Fazenda Argent. (INOVA).jpg
2025-08-19 15:41:15,426 [INFO] Processando imagem: 038 - Fazenda Argent. (INOVA).jpg...
2025-08-19 15:41:15,930 [INFO]  -> Processed 038 - Fazenda Argent. (INOVA).jpg
2025-08-19 15:41:15,931 [INFO] Processando imagem: 039 - Fazenda Argent. (INOVA).jpg...
2025-08-19 15:41:16,385 [INFO]  -> Processed 039 - Fazenda Argent. (INOVA).jpg
2025-08-19 15:41:16,386 [INFO] Processando imagem: 040 - Fazenda Argent. (INOVA).jpg...
2025-08-19 15:41:16,945 [INFO]  -> Processed 040 - Fazenda Argent. (INOVA).jpg
2025-08-19 15:41:16,946 [INFO] Processando imagem: 041 - Fazenda Argent. (INOVA).jpg...
2025-08-19 15:41:17,432 [INFO]  -> Processed 041 - Fazenda Argent. (INOVA).jpg
2025-08-19 15:41:17,433 [INFO] Processando imagem: 042 - Fazenda Argent. (INOVA).jpg...
2025-08-19 15:41:17,947 [INFO]  -> Processed 042 - Fazenda Argent. (INOVA).jpg
2025-08-19 15:41:17,948 [INFO] Processando imagem: 043 - Fazenda Argent. (INOVA).jpg...
2025-08-19 15:41:18,483 [INFO]  -> Processed 043 - Fazenda Argent. (INOVA).jpg
2025-08-19 15:41:18,484 [INFO] Processando imagem: 044 - HC-CAISM (03).jpg...
2025-08-19 15:41:18,956 [INFO]  -> Processed 044 - HC-CAISM (03).jpg
2025-08-19 15:41:18,956 [INFO] Processando imagem: 045 - HC-CAISM (03).jpg...
2025-08-19 15:41:19,400 [INFO]  -> Processed 045 - HC-CAISM (03).jpg
2025-08-19 15:41:19,401 [INFO] Processando imagem: 046 - HC-CAISM (03).jpg...
2025-08-19 15:41:19,864 [INFO]  -> Processed 046 - HC-CAISM (03).jpg
2025-08-19 15:41:19,864 [INFO] Processando imagem: 047 - HC-CAISM (03).jpg...
2025-08-19 15:41:20,292 [INFO]  -> Processed 047 - HC-CAISM (03).jpg
2025-08-19 15:41:20,292 [INFO] Processando imagem: 048 - HC-CAISM (03).jpg...
2025-08-19 15:41:20,795 [INFO]  -> Processed 048 - HC-CAISM (03).jpg
2025-08-19 15:41:20,796 [INFO] Processando imagem: 049 - HC-CAISM (03).jpg...
2025-08-19 15:41:21,298 [INFO]  -> Processed 049 - HC-CAISM (03).jpg
2025-08-19 15:41:21,298 [INFO] Processando imagem: 050 - HC-CAISM (03).jpg...
2025-08-19 15:41:21,761 [INFO]  -> Processed 050 - HC-CAISM (03).jpg
2025-08-19 15:41:21,762 [INFO] Processando imagem: 051 - HC-CAISM (03).jpg...
2025-08-19 15:41:22,242 [INFO]  -> Processed 051 - HC-CAISM (03).jpg
2025-08-19 15:41:22,242 [INFO] Processando imagem: 052 - HC-CAISM (03).jpg...
2025-08-19 15:41:22,717 [INFO]  -> Processed 052 - HC-CAISM (03).jpg
2025-08-19 15:41:22,717 [INFO] Processando imagem: 053 - HC-CAISM (03).jpg...
2025-08-19 15:41:23,193 [INFO]  -> Processed 053 - HC-CAISM (03).jpg
2025-08-19 15:41:23,194 [INFO] Processando imagem: 054 - HC-CAISM (03).jpg...
2025-08-19 15:41:23,658 [INFO]  -> Processed 054 - HC-CAISM (03).jpg
2025-08-19 15:41:23,658 [INFO] Processando imagem: 055 - HC-CAISM (03).jpg...
2025-08-19 15:41:24,091 [INFO]  -> Processed 055 - HC-CAISM (03).jpg
2025-08-19 15:41:24,092 [INFO] Processando imagem: 056 - HC-CAISM (03).jpg...
2025-08-19 15:41:24,572 [INFO]  -> Processed 056 - HC-CAISM (03).jpg
2025-08-19 15:41:24,572 [INFO] Processando imagem: 057 - HC-CAISM (03).jpg...
2025-08-19 15:41:25,009 [INFO]  -> Processed 057 - HC-CAISM (03).jpg
2025-08-19 15:41:25,010 [INFO] Processando imagem: 059 - HC-CAISM (03).jpg...
2025-08-19 15:41:25,487 [INFO]  -> Processed 059 - HC-CAISM (03).jpg
2025-08-19 15:41:25,488 [INFO] Processando imagem: 060 - HC-CAISM (03).jpg...
2025-08-19 15:41:25,958 [INFO]  -> Processed 060 - HC-CAISM (03).jpg
2025-08-19 15:41:25,958 [INFO] Arquivo HTML gerado: C:\Users\327887\Documents\0000_RELATORIOS\0000_GERAL\250819\Tarde\250819_Relatorio.html
